"species_name","body_size","abdomen_length","hindwing","coloration_male","coloration_class","exuvia_length_min","exuvia_body_length","exuvia_caudal_lamellae_min","habitat","percher_flier","main_flight_period","sti","sti_sd","voltinism","overwintering_stage","oviposition_mode","larval_strategy","bern_convention","habitats_directive","endemic_europe","endemic_eu27","near_endemic_europe","redlist_2024_category","redlist_2024_criteria","eu27_redlist_2024_category","eu27_redlist_2024_criteria","population_trend","eoo_europe","aoo_europe","eoo_eu27","aoo_eu27"
"Aeshna affinis","Dijkstra et al. 2020","Dijkstra et al. 2020","Dijkstra et al. 2020","Dijkstra et al. 2020","expert opinion De  Knijf","Brochard et al. 2012; Brochard pers comm.","not relevant","not relevant","De Knijf et al. 2024","Wildermuth & Martens 2019","Billqvist et al. 2023 (northern species); Boudot & Kalkman 2015; Sparrow et al. 2021; Smallshire & Swash 2020; www.observation.org","Termaat et al. 2019","Termaat et al. 2019","Wildermuth & Martens 2019","Wildermuth & Martens 2019","Wildermuth & Martens 2019","expert opinion C. Brochard & G. De Knijf","De Knijf et al. 2024","De Knijf et al. 2024","De Knijf et al. 2024","De Knijf et al. 2024","De Knijf et al. 2024","De Knijf et al. 2024","De Knijf et al. 2024","De Knijf et al. 2024","De Knijf et al. 2024","De Knijf et al. 2024","De Knijf et al. 2024","De Knijf et al. 2024","De Knijf et al. 2024","De Knijf et al. 2024"
"Aeshna caerulea","Dijkstra et al. 2020","Dijkstra et al. 2020","Dijkstra et al. 2020","Dijkstra et al. 2020","expert opinion De  Knijf","Brochard et al. 2012; Brochard pers comm.","not relevant","not relevant","De Knijf et al. 2024","Wildermuth & Martens 2019","Billqvist et al. 2023 (northern species); Boudot & Kalkman 2015; Sparrow et al. 2021; Smallshire & Swash 2020; www.observation.org","Termaat et al. 2019","Termaat et al. 2019","Wildermuth & Martens 2019","Wildermuth & Martens 2019","Wildermuth & Martens 2019","expert opinion C. Brochard & G. De Knijf","De Knijf et al. 2024","De Knijf et al. 2024","De Knijf et al. 2024","De Knijf et al. 2024","De Knijf et al. 2024","De Knijf et al. 2024","De Knijf et al. 2024","De Knijf et al. 2024","De Knijf et al. 2024","De Knijf et al. 2024","De Knijf et al. 2024","De Knijf et al. 2024","De Knijf et al. 2024","De Knijf et al. 2024"
"Aeshna crenata","Dijkstra et al. 2020","Dijkstra et al. 2020","Dijkstra et al. 2020","Dijkstra et al. 2020","expert opinion De  Knijf","Brochard et al. 2012; Brochard pers comm.","not relevant","not relevant","De Knijf et al. 2024","Wildermuth & Martens 2019","Billqvist et al. 2023 (northern species); Boudot & Kalkman 2015; Sparrow et al. 2021; Smallshire & Swash 2020; www.observation.org","Termaat et al. 2019","Termaat et al. 2019","Wildermuth & Martens 2019","Wildermuth & Martens 2019","Wildermuth & Martens 2019","expert opinion C. Brochard & G. De Knijf","De Knijf et al. 2024","De Knijf et al. 2024","De Knijf et al. 2024","De Knijf et al. 2024","De Knijf et al. 2024","De Knijf et al. 2024","De Knijf et al. 2024","De Knijf et al. 2024","De Knijf et al. 2024","De Knijf et al. 2024","De Knijf et al. 2024","De Knijf et al. 2024","De Knijf et al. 2024","De Knijf et al. 2024"
"Aeshna cyanea","Dijkstra et al. 2020","Dijkstra et al. 2020","Dijkstra et al. 2020","Dijkstra et al. 2020","expert opinion De  Knijf","Brochard et al. 2012; Brochard pers comm.","not relevant","not relevant","De Knijf et al. 2024","Wildermuth & Martens 2019","Billqvist et al. 2023 (northern species); Boudot & Kalkman 2015; Sparrow et al. 2021; Smallshire & Swash 2020; www.observation.org","Termaat et al. 2019","Termaat et al. 2019","Wildermuth & Martens 2019","Wildermuth & Martens 2019","Wildermuth & Martens 2019","expert opinion C. Brochard & G. De Knijf","De Knijf et al. 2024","De Knijf et al. 2024","De Knijf et al. 2024","De Knijf et al. 2024","De Knijf et al. 2024","De Knijf et al. 2024","De Knijf et al. 2024","De Knijf et al. 2024","De Knijf et al. 2024","De Knijf et al. 2024","De Knijf et al. 2024","De Knijf et al. 2024","De Knijf et al. 2024","De Knijf et al. 2024"
"Aeshna grandis","Dijkstra et al. 2020","Dijkstra et al. 2020","Dijkstra et al. 2020","Dijkstra et al. 2020","expert opinion De  Knijf","Brochard et al. 2012; Brochard pers comm.","not relevant","not relevant","De Knijf et al. 2024","Wildermuth & Martens 2019","Billqvist et al. 2023 (northern species); Boudot & Kalkman 2015; Sparrow et al. 2021; Smallshire & Swash 2020; www.observation.org","Termaat et al. 2019","Termaat et al. 2019","Wildermuth & Martens 2019","Wildermuth & Martens 2019","Wildermuth & Martens 2019","expert opinion C. Brochard & G. De Knijf","De Knijf et al. 2024","De Knijf et al. 2024","De Knijf et al. 2024","De Knijf et al. 2024","De Knijf et al. 2024","De Knijf et al. 2024","De Knijf et al. 2024","De Knijf et al. 2024","De Knijf et al. 2024","De Knijf et al. 2024","De Knijf et al. 2024","De Knijf et al. 2024","De Knijf et al. 2024","De Knijf et al. 2024"
"Aeshna isoceles","Dijkstra et al. 2020","Dijkstra et al. 2020","Dijkstra et al. 2020","Dijkstra et al. 2020","expert opinion De  Knijf","Brochard et al. 2012; Brochard pers comm.","not relevant","not relevant","De Knijf et al. 2024","Wildermuth & Martens 2019","Billqvist et al. 2023 (northern species); Boudot & Kalkman 2015; Sparrow et al. 2021; Smallshire & Swash 2020; www.observation.org","Termaat et al. 2019","Termaat et al. 2019","Wildermuth & Martens 2019","Wildermuth & Martens 2019","Wildermuth & Martens 2019","expert opinion C. Brochard & G. De Knijf","De Knijf et al. 2024","De Knijf et al. 2024","De Knijf et al. 2024","De Knijf et al. 2024","De Knijf et al. 2024","De Knijf et al. 2024","De Knijf et al. 2024","De Knijf et al. 2024","De Knijf et al. 2024","De Knijf et al. 2024","De Knijf et al. 2024","De Knijf et al. 2024","De Knijf et al. 2024","De Knijf et al. 2024"
"Aeshna juncea","Dijkstra et al. 2020","Dijkstra et al. 2020","Dijkstra et al. 2020","Dijkstra et al. 2020","expert opinion De  Knijf","Brochard et al. 2012; Brochard pers comm.","not relevant","not relevant","De Knijf et al. 2024","Wildermuth & Martens 2019","Billqvist et al. 2023 (northern species); Boudot & Kalkman 2015; Sparrow et al. 2021; Smallshire & Swash 2020; www.observation.org","Termaat et al. 2019","Termaat et al. 2019","Wildermuth & Martens 2019","Wildermuth & Martens 2019","Wildermuth & Martens 2019","expert opinion C. Brochard & G. De Knijf","De Knijf et al. 2024","De Knijf et al. 2024","De Knijf et al. 2024","De Knijf et al. 2024","De Knijf et al. 2024","De Knijf et al. 2024","De Knijf et al. 2024","De Knijf et al. 2024","De Knijf et al. 2024","De Knijf et al. 2024","De Knijf et al. 2024","De Knijf et al. 2024","De Knijf et al. 2024","De Knijf et al. 2024"
"Aeshna mixta","Dijkstra et al. 2020","Dijkstra et al. 2020","Dijkstra et al. 2020","Dijkstra et al. 2020","expert opinion De  Knijf","Brochard et al. 2012; Brochard pers comm.","not relevant","not relevant","De Knijf et al. 2024","Wildermuth & Martens 2019","Billqvist et al. 2023 (northern species); Boudot & Kalkman 2015; Sparrow et al. 2021; Smallshire & Swash 2020; www.observation.org","Termaat et al. 2019","Termaat et al. 2019","Wildermuth & Martens 2019","Wildermuth & Martens 2019","Wildermuth & Martens 2019","expert opinion C. Brochard & G. De Knijf","De Knijf et al. 2024","De Knijf et al. 2024","De Knijf et al. 2024","De Knijf et al. 2024","De Knijf et al. 2024","De Knijf et al. 2024","De Knijf et al. 2024","De Knijf et al. 2024","De Knijf et al. 2024","De Knijf et al. 2024","De Knijf et al. 2024","De Knijf et al. 2024","De Knijf et al. 2024","De Knijf et al. 2024"
"Aeshna serrata","Dijkstra et al. 2020","Dijkstra et al. 2020","Dijkstra et al. 2020","Dijkstra et al. 2020","expert opinion De  Knijf","Brochard et al. 2012; Brochard pers comm.","not relevant","not relevant","De Knijf et al. 2024","Wildermuth & Martens 2019","Billqvist et al. 2023 (northern species); Boudot & Kalkman 2015; Sparrow et al. 2021; Smallshire & Swash 2020; www.observation.org","Termaat et al. 2019","Termaat et al. 2019","Wildermuth & Martens 2019","Wildermuth & Martens 2019","Wildermuth & Martens 2019","expert opinion C. Brochard & G. De Knijf","De Knijf et al. 2024","De Knijf et al. 2024","De Knijf et al. 2024","De Knijf et al. 2024","De Knijf et al. 2024","De Knijf et al. 2024","De Knijf et al. 2024","De Knijf et al. 2024","De Knijf et al. 2024","De Knijf et al. 2024","De Knijf et al. 2024","De Knijf et al. 2024","De Knijf et al. 2024","De Knijf et al. 2024"
"Aeshna subarctica","Dijkstra et al. 2020","Dijkstra et al. 2020","Dijkstra et al. 2020","Dijkstra et al. 2020","expert opinion De  Knijf","Brochard et al. 2012; Brochard pers comm.","not relevant","not relevant","De Knijf et al. 2024","Wildermuth & Martens 2019","Billqvist et al. 2023 (northern species); Boudot & Kalkman 2015; Sparrow et al. 2021; Smallshire & Swash 2020; www.observation.org","Termaat et al. 2019","Termaat et al. 2019","Wildermuth & Martens 2019","Wildermuth & Martens 2019","Wildermuth & Martens 2019","expert opinion C. Brochard & G. De Knijf","De Knijf et al. 2024","De Knijf et al. 2024","De Knijf et al. 2024","De Knijf et al. 2024","De Knijf et al. 2024","De Knijf et al. 2024","De Knijf et al. 2024","De Knijf et al. 2024","De Knijf et al. 2024","De Knijf et al. 2024","De Knijf et al. 2024","De Knijf et al. 2024","De Knijf et al. 2024","De Knijf et al. 2024"
"Aeshna viridis","Dijkstra et al. 2020","Dijkstra et al. 2020","Dijkstra et al. 2020","Dijkstra et al. 2020","expert opinion De  Knijf","Brochard et al. 2012; Brochard pers comm.","not relevant","not relevant","De Knijf et al. 2024","Wildermuth & Martens 2019","Billqvist et al. 2023 (northern species); Boudot & Kalkman 2015; Sparrow et al. 2021; Smallshire & Swash 2020; www.observation.org","Termaat et al. 2019","Termaat et al. 2019","Wildermuth & Martens 2019","Wildermuth & Martens 2019","Wildermuth & Martens 2019","expert opinion C. Brochard & G. De Knijf","De Knijf et al. 2024","De Knijf et al. 2024","De Knijf et al. 2024","De Knijf et al. 2024","De Knijf et al. 2024","De Knijf et al. 2024","De Knijf et al. 2024","De Knijf et al. 2024","De Knijf et al. 2024","De Knijf et al. 2024","De Knijf et al. 2024","De Knijf et al. 2024","De Knijf et al. 2024","De Knijf et al. 2024"
"Anax ephippiger","Dijkstra et al. 2020","Dijkstra et al. 2020","Dijkstra et al. 2020","Dijkstra et al. 2020; Boudot et al. 2021","expert opinion De  Knijf","Brochard et al. 2012; Brochard pers comm.","not relevant","not relevant","Boudot et al. 2021; De Knijf et al. 2024","Wildermuth & Martens 2019","Billqvist et al. 2023 (northern species); Boudot & Kalkman 2015; Sparrow et al. 2021; Smallshire & Swash 2020; www.observation.org","Termaat et al. 2019","Termaat et al. 2019","Wildermuth & Martens 2019","Wildermuth & Martens 2019","Wildermuth & Martens 2019","expert opinion C. Brochard & G. De Knijf","De Knijf et al. 2024","De Knijf et al. 2024","De Knijf et al. 2024","De Knijf et al. 2024","De Knijf et al. 2024","De Knijf et al. 2024","De Knijf et al. 2024","De Knijf et al. 2024","De Knijf et al. 2024","De Knijf et al. 2024","De Knijf et al. 2024","De Knijf et al. 2024","De Knijf et al. 2024","De Knijf et al. 2024"
"Anax immaculifrons","Dijkstra et al. 2020","Dijkstra et al. 2020","Dijkstra et al. 2020","Dijkstra et al. 2020","expert opinion De  Knijf","Brochard pers comm.","not relevant","not relevant","De Knijf et al. 2024","Wildermuth & Martens 2019","Billqvist et al. 2023 (northern species); Boudot & Kalkman 2015; Sparrow et al. 2021; Smallshire & Swash 2020; www.observation.org","Termaat et al. 2019","Termaat et al. 2019","literature information NA, based on own observations or information from A. Martens, C. Brochard","NA","Wildermuth & Martens 2019","expert opinion C. Brochard & G. De Knijf","De Knijf et al. 2024","De Knijf et al. 2024","De Knijf et al. 2024","De Knijf et al. 2024","De Knijf et al. 2024","De Knijf et al. 2024","De Knijf et al. 2024","De Knijf et al. 2024","De Knijf et al. 2024","De Knijf et al. 2024","De Knijf et al. 2024","De Knijf et al. 2024","De Knijf et al. 2024","De Knijf et al. 2024"
"Anax imperator","Dijkstra et al. 2020","Dijkstra et al. 2020","Dijkstra et al. 2020","Dijkstra et al. 2020","expert opinion De  Knijf","Brochard et al. 2012; Brochard pers comm.","not relevant","not relevant","De Knijf et al. 2024","Wildermuth & Martens 2019","Billqvist et al. 2023 (northern species); Boudot & Kalkman 2015; Sparrow et al. 2021; Smallshire & Swash 2020; www.observation.org","Termaat et al. 2019","Termaat et al. 2019","Wildermuth & Martens 2019","Wildermuth & Martens 2019","Wildermuth & Martens 2019","expert opinion C. Brochard & G. De Knijf","De Knijf et al. 2024","De Knijf et al. 2024","De Knijf et al. 2024","De Knijf et al. 2024","De Knijf et al. 2024","De Knijf et al. 2024","De Knijf et al. 2024","De Knijf et al. 2024","De Knijf et al. 2024","De Knijf et al. 2024","De Knijf et al. 2024","De Knijf et al. 2024","De Knijf et al. 2024","De Knijf et al. 2024"
"Anax parthenope","Dijkstra et al. 2020","Dijkstra et al. 2020","Dijkstra et al. 2020","Dijkstra et al. 2020","expert opinion De  Knijf","Brochard et al. 2012; Brochard pers comm.","not relevant","not relevant","De Knijf et al. 2024","Wildermuth & Martens 2019","Billqvist et al. 2023 (northern species); Boudot & Kalkman 2015; Sparrow et al. 2021; Smallshire & Swash 2020; www.observation.org","Termaat et al. 2019","Termaat et al. 2019","Wildermuth & Martens 2019","Wildermuth & Martens 2019","Wildermuth & Martens 2019","expert opinion C. Brochard & G. De Knijf","De Knijf et al. 2024","De Knijf et al. 2024","De Knijf et al. 2024","De Knijf et al. 2024","De Knijf et al. 2024","De Knijf et al. 2024","De Knijf et al. 2024","De Knijf et al. 2024","De Knijf et al. 2024","De Knijf et al. 2024","De Knijf et al. 2024","De Knijf et al. 2024","De Knijf et al. 2024","De Knijf et al. 2024"
"Boyeria cretensis","Dijkstra et al. 2020","Dijkstra et al. 2020","Dijkstra et al. 2020","Dijkstra et al. 2020","expert opinion De  Knijf","Brochard pers comm.","not relevant","not relevant","De Knijf et al. 2024","Wildermuth & Martens 2019","Billqvist et al. 2023 (northern species); Boudot & Kalkman 2015; Sparrow et al. 2021; Smallshire & Swash 2020; www.observation.org","Termaat et al. 2019","Termaat et al. 2019","Wildermuth & Martens 2019","Wildermuth & Martens 2019","Wildermuth & Martens 2019","expert opinion C. Brochard & G. De Knijf","De Knijf et al. 2024","De Knijf et al. 2024","De Knijf et al. 2024","De Knijf et al. 2024","De Knijf et al. 2024","De Knijf et al. 2024","De Knijf et al. 2024","De Knijf et al. 2024","De Knijf et al. 2024","De Knijf et al. 2024","De Knijf et al. 2024","De Knijf et al. 2024","De Knijf et al. 2024","De Knijf et al. 2024"
"Boyeria irene","Dijkstra et al. 2020","Dijkstra et al. 2020","Dijkstra et al. 2020","Dijkstra et al. 2020","expert opinion De  Knijf","Brochard et al. 2012; Brochard pers comm.","not relevant","not relevant","De Knijf et al. 2024","Wildermuth & Martens 2019","Billqvist et al. 2023 (northern species); Boudot & Kalkman 2015; Sparrow et al. 2021; Smallshire & Swash 2020; www.observation.org","Termaat et al. 2019","Termaat et al. 2019","Wildermuth & Martens 2019","Wildermuth & Martens 2019","Wildermuth & Martens 2019","expert opinion C. Brochard & G. De Knijf","De Knijf et al. 2024","De Knijf et al. 2024","De Knijf et al. 2024","De Knijf et al. 2024","De Knijf et al. 2024","De Knijf et al. 2024","De Knijf et al. 2024","De Knijf et al. 2024","De Knijf et al. 2024","De Knijf et al. 2024","De Knijf et al. 2024","De Knijf et al. 2024","De Knijf et al. 2024","De Knijf et al. 2024"
"Brachythemis impartita","Dijkstra et al. 2020","Dijkstra et al. 2020","Dijkstra et al. 2020","Dijkstra et al. 2020","expert opinion De  Knijf","Brochard pers comm.","not relevant","not relevant","De Knijf et al. 2024","Wildermuth & Martens 2019","Billqvist et al. 2023 (northern species); Boudot & Kalkman 2015; Sparrow et al. 2021; Smallshire & Swash 2020; www.observation.org","Termaat et al. 2019","Termaat et al. 2019","literature information NA, based on own observations or information from A. Martens, C. Brochard","NA","Wildermuth & Martens 2019","expert opinion C. Brochard & G. De Knijf","De Knijf et al. 2024","De Knijf et al. 2024","De Knijf et al. 2024","De Knijf et al. 2024","De Knijf et al. 2024","De Knijf et al. 2024","De Knijf et al. 2024","De Knijf et al. 2024","De Knijf et al. 2024","De Knijf et al. 2024","De Knijf et al. 2024","De Knijf et al. 2024","De Knijf et al. 2024","De Knijf et al. 2024"
"Brachytron pratense","Dijkstra et al. 2020","Dijkstra et al. 2020","Dijkstra et al. 2020","Dijkstra et al. 2020","expert opinion De  Knijf","Brochard et al. 2012; Brochard pers comm.","not relevant","not relevant","De Knijf et al. 2024","Wildermuth & Martens 2019","Billqvist et al. 2023 (northern species); Boudot & Kalkman 2015; Sparrow et al. 2021; Smallshire & Swash 2020; www.observation.org","Termaat et al. 2019","Termaat et al. 2019","Wildermuth & Martens 2019","Wildermuth & Martens 2019","Wildermuth & Martens 2019","expert opinion C. Brochard & G. De Knijf","De Knijf et al. 2024","De Knijf et al. 2024","De Knijf et al. 2024","De Knijf et al. 2024","De Knijf et al. 2024","De Knijf et al. 2024","De Knijf et al. 2024","De Knijf et al. 2024","De Knijf et al. 2024","De Knijf et al. 2024","De Knijf et al. 2024","De Knijf et al. 2024","De Knijf et al. 2024","De Knijf et al. 2024"
"Caliaeschna microstigma","Dijkstra et al. 2020","Dijkstra et al. 2020","Dijkstra et al. 2020","Dijkstra et al. 2020","expert opinion De  Knijf","Brochard pers comm.","not relevant","not relevant","De Knijf et al. 2024","Wildermuth & Martens 2019","Billqvist et al. 2023 (northern species); Boudot & Kalkman 2015; Sparrow et al. 2021; Smallshire & Swash 2020; www.observation.org","Termaat et al. 2019","Termaat et al. 2019","Wildermuth & Martens 2019","Wildermuth & Martens 2019","Wildermuth & Martens 2019","expert opinion C. Brochard & G. De Knijf","De Knijf et al. 2024","De Knijf et al. 2024","De Knijf et al. 2024","De Knijf et al. 2024","De Knijf et al. 2024","De Knijf et al. 2024","De Knijf et al. 2024","De Knijf et al. 2024","De Knijf et al. 2024","De Knijf et al. 2024","De Knijf et al. 2024","De Knijf et al. 2024","De Knijf et al. 2024","De Knijf et al. 2024"
"Calopteryx haemorrhoidalis","Dijkstra et al. 2020","Dijkstra et al. 2020","Dijkstra et al. 2020","Dijkstra et al. 2020","expert opinion De  Knijf","Brochard pers comm.","Brochard pers comm.","Brochard pers comm.","De Knijf et al. 2024","Wildermuth & Martens 2019","Billqvist et al. 2023 (northern species); Boudot & Kalkman 2015; Sparrow et al. 2021; Smallshire & Swash 2020; www.observation.org","Termaat et al. 2019","Termaat et al. 2019","Wildermuth & Martens 2019","Wildermuth & Martens 2019","Wildermuth & Martens 2019","expert opinion C. Brochard & G. De Knijf","De Knijf et al. 2024","De Knijf et al. 2024","De Knijf et al. 2024","De Knijf et al. 2024","De Knijf et al. 2024","De Knijf et al. 2024","De Knijf et al. 2024","De Knijf et al. 2024","De Knijf et al. 2024","De Knijf et al. 2024","De Knijf et al. 2024","De Knijf et al. 2024","De Knijf et al. 2024","De Knijf et al. 2024"
"Calopteryx splendens","Dijkstra et al. 2020","Dijkstra et al. 2020","Dijkstra et al. 2020","Dijkstra et al. 2020","expert opinion De  Knijf","Brochard et al. 2012; Brochard pers comm.","Brochard et al. 2012; Brochard pers comm.","Brochard et al. 2012; Brochard pers comm.","De Knijf et al. 2024","Wildermuth & Martens 2019","Billqvist et al. 2023 (northern species); Boudot & Kalkman 2015; Sparrow et al. 2021; Smallshire & Swash 2020; www.observation.org","Termaat et al. 2019","Termaat et al. 2019","Sternberg & Buchwald 1999; Wildermuth & Martens 2019","Sternberg & Buchwald 1999; Wildermuth & Martens 2019","Wildermuth & Martens 2019","expert opinion C. Brochard & G. De Knijf","De Knijf et al. 2024","De Knijf et al. 2024","De Knijf et al. 2024","De Knijf et al. 2024","De Knijf et al. 2024","De Knijf et al. 2024","De Knijf et al. 2024","De Knijf et al. 2024","De Knijf et al. 2024","De Knijf et al. 2024","De Knijf et al. 2024","De Knijf et al. 2024","De Knijf et al. 2024","De Knijf et al. 2024"
"Calopteryx virgo","Dijkstra et al. 2020","Dijkstra et al. 2020","Dijkstra et al. 2020","Dijkstra et al. 2020","expert opinion De  Knijf","Brochard et al. 2012; Brochard pers comm.","Brochard et al. 2012; Brochard pers comm.","Brochard et al. 2012; Brochard pers comm.","De Knijf et al. 2024","Wildermuth & Martens 2019","Billqvist et al. 2023 (northern species); Boudot & Kalkman 2015; Sparrow et al. 2021; Smallshire & Swash 2020; www.observation.org","Termaat et al. 2019","Termaat et al. 2019","Sternberg & Buchwald 1999; Wildermuth & Martens 2019","Sternberg & Buchwald 1999; Wildermuth & Martens 2019","Wildermuth & Martens 2019","expert opinion C. Brochard & G. De Knijf","De Knijf et al. 2024","De Knijf et al. 2024","De Knijf et al. 2024","De Knijf et al. 2024","De Knijf et al. 2024","De Knijf et al. 2024","De Knijf et al. 2024","De Knijf et al. 2024","De Knijf et al. 2024","De Knijf et al. 2024","De Knijf et al. 2024","De Knijf et al. 2024","De Knijf et al. 2024","De Knijf et al. 2024"
"Calopteryx xanthostoma","Dijkstra et al. 2020","Dijkstra et al. 2020","Dijkstra et al. 2020","Dijkstra et al. 2020","expert opinion De  Knijf","Brochard pers comm.","Brochard pers comm.","Brochard pers comm.","De Knijf et al. 2024","Wildermuth & Martens 2019","Billqvist et al. 2023 (northern species); Boudot & Kalkman 2015; Sparrow et al. 2021; Smallshire & Swash 2020; www.observation.org","Termaat et al. 2019","Termaat et al. 2019","Wildermuth & Martens 2019","Wildermuth & Martens 2019","Wildermuth & Martens 2019","expert opinion C. Brochard & G. De Knijf","De Knijf et al. 2024","De Knijf et al. 2024","De Knijf et al. 2024","De Knijf et al. 2024","De Knijf et al. 2024","De Knijf et al. 2024","De Knijf et al. 2024","De Knijf et al. 2024","De Knijf et al. 2024","De Knijf et al. 2024","De Knijf et al. 2024","De Knijf et al. 2024","De Knijf et al. 2024","De Knijf et al. 2024"
"Ceriagrion georgifreyi","Dijkstra et al. 2020","Dijkstra et al. 2020","Dijkstra et al. 2020","Dijkstra et al. 2020","expert opinion De  Knijf","Brochard pers comm.","Brochard pers comm.","Brochard pers comm.","De Knijf et al. 2024","Wildermuth & Martens 2019","Billqvist et al. 2023 (northern species); Boudot & Kalkman 2015; Sparrow et al. 2021; Smallshire & Swash 2020; www.observation.org","Termaat et al. 2019","Termaat et al. 2019","literature information NA, but most likely same as Ceriagrion tenellum","Wildermuth & Martens 2019","Wildermuth & Martens 2019","expert opinion C. Brochard & G. De Knijf","De Knijf et al. 2024","De Knijf et al. 2024","De Knijf et al. 2024","De Knijf et al. 2024","De Knijf et al. 2024","De Knijf et al. 2024","De Knijf et al. 2024","De Knijf et al. 2024","De Knijf et al. 2024","De Knijf et al. 2024","De Knijf et al. 2024","De Knijf et al. 2024","De Knijf et al. 2024","De Knijf et al. 2024"
"Ceriagrion tenellum","Dijkstra et al. 2020","Dijkstra et al. 2020","Dijkstra et al. 2020","Dijkstra et al. 2020","expert opinion De  Knijf","Brochard et al. 2012; Brochard pers comm.","Brochard et al. 2012; Brochard pers comm.","Brochard et al. 2012; Brochard pers comm.","De Knijf et al. 2024","Wildermuth & Martens 2019","Billqvist et al. 2023 (northern species); Boudot & Kalkman 2015; Sparrow et al. 2021; Smallshire & Swash 2020; www.observation.org","Termaat et al. 2019","Termaat et al. 2019","Wildermuth & Martens 2019","Wildermuth & Martens 2019","Wildermuth & Martens 2019","expert opinion C. Brochard & G. De Knijf","De Knijf et al. 2024","De Knijf et al. 2024","De Knijf et al. 2024","De Knijf et al. 2024","De Knijf et al. 2024","De Knijf et al. 2024","De Knijf et al. 2024","De Knijf et al. 2024","De Knijf et al. 2024","De Knijf et al. 2024","De Knijf et al. 2024","De Knijf et al. 2024","De Knijf et al. 2024","De Knijf et al. 2024"
"Chalcolestes parvidens","Dijkstra et al. 2020","Dijkstra et al. 2020","Dijkstra et al. 2020","Dijkstra et al. 2020","expert opinion De  Knijf","Brochard pers comm.","Brochard pers comm.","Brochard pers comm.","De Knijf et al. 2024","Wildermuth & Martens 2019","Billqvist et al. 2023 (northern species); Boudot & Kalkman 2015; Sparrow et al. 2021; Smallshire & Swash 2020; www.observation.org","Termaat et al. 2019","Termaat et al. 2019","Wildermuth & Martens 2019","Wildermuth & Martens 2019","Wildermuth & Martens 2019","expert opinion C. Brochard & G. De Knijf","De Knijf et al. 2024","De Knijf et al. 2024","De Knijf et al. 2024","De Knijf et al. 2024","De Knijf et al. 2024","De Knijf et al. 2024","De Knijf et al. 2024","De Knijf et al. 2024","De Knijf et al. 2024","De Knijf et al. 2024","De Knijf et al. 2024","De Knijf et al. 2024","De Knijf et al. 2024","De Knijf et al. 2024"
"Chalcolestes viridis","Dijkstra et al. 2020","Dijkstra et al. 2020","Dijkstra et al. 2020","Dijkstra et al. 2020","expert opinion De  Knijf","Brochard et al. 2012; Brochard pers comm.","Brochard et al. 2012; Brochard pers comm.","Brochard et al. 2012; Brochard pers comm.","De Knijf et al. 2024","Wildermuth & Martens 2019","Billqvist et al. 2023 (northern species); Boudot & Kalkman 2015; Sparrow et al. 2021; Smallshire & Swash 2020; www.observation.org","Termaat et al. 2019","Termaat et al. 2019","Wildermuth & Martens 2019","Wildermuth & Martens 2019","Wildermuth & Martens 2019","expert opinion C. Brochard & G. De Knijf","De Knijf et al. 2024","De Knijf et al. 2024","De Knijf et al. 2024","De Knijf et al. 2024","De Knijf et al. 2024","De Knijf et al. 2024","De Knijf et al. 2024","De Knijf et al. 2024","De Knijf et al. 2024","De Knijf et al. 2024","De Knijf et al. 2024","De Knijf et al. 2024","De Knijf et al. 2024","De Knijf et al. 2024"
"Coenagrion armatum","Dijkstra et al. 2020","Dijkstra et al. 2020","Dijkstra et al. 2020","Dijkstra et al. 2020","expert opinion De  Knijf","Brochard et al. 2012; Brochard pers comm.","Brochard et al. 2012; Brochard pers comm.","Brochard et al. 2012; Brochard pers comm.","De Knijf et al. 2024","Wildermuth & Martens 2019","Billqvist et al. 2023 (northern species); Boudot & Kalkman 2015; Sparrow et al. 2021; Smallshire & Swash 2020; www.observation.org","Termaat et al. 2019","Termaat et al. 2019","Wildermuth & Martens 2019","Wildermuth & Martens 2019","Wildermuth & Martens 2019","expert opinion C. Brochard & G. De Knijf","De Knijf et al. 2024","De Knijf et al. 2024","De Knijf et al. 2024","De Knijf et al. 2024","De Knijf et al. 2024","De Knijf et al. 2024","De Knijf et al. 2024","De Knijf et al. 2024","De Knijf et al. 2024","De Knijf et al. 2024","De Knijf et al. 2024","De Knijf et al. 2024","De Knijf et al. 2024","De Knijf et al. 2024"
"Coenagrion caerulescens","Dijkstra et al. 2020","Dijkstra et al. 2020","Dijkstra et al. 2020","Dijkstra et al. 2020","expert opinion De  Knijf","Brochard pers comm.","Brochard pers comm.","Brochard pers comm.","De Knijf et al. 2024","Wildermuth & Martens 2019","Billqvist et al. 2023 (northern species); Boudot & Kalkman 2015; Sparrow et al. 2021; Smallshire & Swash 2020; www.observation.org","Termaat et al. 2019","Termaat et al. 2019","Wildermuth & Martens 2019","Wildermuth & Martens 2019","Wildermuth & Martens 2019","expert opinion C. Brochard & G. De Knijf","De Knijf et al. 2024","De Knijf et al. 2024","De Knijf et al. 2024","De Knijf et al. 2024","De Knijf et al. 2024","De Knijf et al. 2024","De Knijf et al. 2024","De Knijf et al. 2024","De Knijf et al. 2024","De Knijf et al. 2024","De Knijf et al. 2024","De Knijf et al. 2024","De Knijf et al. 2024","De Knijf et al. 2024"
"Coenagrion castellani","Dijkstra et al. 2023","Dijkstra et al. 2023","Dijkstra et al. 2023","Dijkstra et al. 2023","expert opinion De  Knijf","Brochard pers comm.","Brochard pers comm.","Brochard pers comm.","Dijkstra et al. 2023; De Knijf et al. 2024","Dijkstra et al. 2023","Dijkstra et al. 2023","Termaat et al. 2019","Termaat et al. 2019","literature information NA, but most likely same as Coenagrion mercuriale","literature information NA, but most likely same as Coenagrion mercuriale","literature information NA, but most likely same as Coenagrion mercuriale","expert opinion C. Brochard & G. De Knijf","De Knijf et al. 2024","De Knijf et al. 2024","De Knijf et al. 2024","De Knijf et al. 2024","De Knijf et al. 2024","De Knijf et al. 2024","De Knijf et al. 2024","De Knijf et al. 2024","De Knijf et al. 2024","De Knijf et al. 2024","De Knijf et al. 2024","De Knijf et al. 2024","De Knijf et al. 2024","De Knijf et al. 2024"
"Coenagrion ecornutum","Wildermuth & Martens 2019","NA","NA","Dijkstra et al. 2020","expert opinion De  Knijf","NA","NA","NA","De Knijf et al. 2024","Wildermuth & Martens 2019","Billqvist et al. 2023 (northern species); Boudot & Kalkman 2015; Sparrow et al. 2021; Smallshire & Swash 2020; www.observation.org","Termaat et al. 2019","Termaat et al. 2019","literature information NA, but most likely same as other northern Coenagrion species","literature information NA, but most likely same as other northern Coenagrion species","literature information NA, but most likely same as other northern Coenagrion species","expert opinion C. Brochard & G. De Knijf","De Knijf et al. 2024","De Knijf et al. 2024","De Knijf et al. 2024","De Knijf et al. 2024","De Knijf et al. 2024","De Knijf et al. 2024","De Knijf et al. 2024","De Knijf et al. 2024","De Knijf et al. 2024","De Knijf et al. 2024","De Knijf et al. 2024","De Knijf et al. 2024","De Knijf et al. 2024","De Knijf et al. 2024"
"Coenagrion glaciale","Wildermuth & Martens 2019","NA","NA","Dijkstra et al. 2020","expert opinion De  Knijf","NA","NA","NA","De Knijf et al. 2024","Wildermuth & Martens 2019","Billqvist et al. 2023 (northern species); Boudot & Kalkman 2015; Sparrow et al. 2021; Smallshire & Swash 2020; www.observation.org","Termaat et al. 2019","Termaat et al. 2019","literature information NA, but most likely same as other northern Coenagrion species","literature information NA, but most likely same as other northern Coenagrion species","literature information NA, but most likely same as other northern Coenagrion species","expert opinion C. Brochard & G. De Knijf","De Knijf et al. 2024","De Knijf et al. 2024","De Knijf et al. 2024","De Knijf et al. 2024","De Knijf et al. 2024","De Knijf et al. 2024","De Knijf et al. 2024","De Knijf et al. 2024","De Knijf et al. 2024","De Knijf et al. 2024","De Knijf et al. 2024","De Knijf et al. 2024","De Knijf et al. 2024","De Knijf et al. 2024"
"Coenagrion hastulatum","Dijkstra et al. 2020","Dijkstra et al. 2020","Dijkstra et al. 2020","Dijkstra et al. 2020","expert opinion De  Knijf","Brochard et al. 2012; Brochard pers comm.","Brochard et al. 2012; Brochard pers comm.","Brochard et al. 2012; Brochard pers comm.","De Knijf et al. 2024","Wildermuth & Martens 2019","Billqvist et al. 2023 (northern species); Boudot & Kalkman 2015; Sparrow et al. 2021; Smallshire & Swash 2020; www.observation.org","Termaat et al. 2019","Termaat et al. 2019","Wildermuth & Martens 2019","Wildermuth & Martens 2019","Wildermuth & Martens 2019","expert opinion C. Brochard & G. De Knijf","De Knijf et al. 2024","De Knijf et al. 2024","De Knijf et al. 2024","De Knijf et al. 2024","De Knijf et al. 2024","De Knijf et al. 2024","De Knijf et al. 2024","De Knijf et al. 2024","De Knijf et al. 2024","De Knijf et al. 2024","De Knijf et al. 2024","De Knijf et al. 2024","De Knijf et al. 2024","De Knijf et al. 2024"
"Coenagrion hylas","Dijkstra et al. 2020","Dijkstra et al. 2020","Dijkstra et al. 2020","Dijkstra et al. 2020","expert opinion De  Knijf","Brochard et al. 2012; Brochard pers comm.","Brochard et al. 2012; Brochard pers comm.","Brochard et al. 2012; Brochard pers comm.","De Knijf et al. 2024","Wildermuth & Martens 2019","Billqvist et al. 2023 (northern species); Boudot & Kalkman 2015; Sparrow et al. 2021; Smallshire & Swash 2020; www.observation.org","Termaat et al. 2019","Termaat et al. 2019","Wildermuth & Martens 2019","Wildermuth & Martens 2019","Wildermuth & Martens 2019","expert opinion C. Brochard & G. De Knijf","De Knijf et al. 2024","De Knijf et al. 2024","De Knijf et al. 2024","De Knijf et al. 2024","De Knijf et al. 2024","De Knijf et al. 2024","De Knijf et al. 2024","De Knijf et al. 2024","De Knijf et al. 2024","De Knijf et al. 2024","De Knijf et al. 2024","De Knijf et al. 2024","De Knijf et al. 2024","De Knijf et al. 2024"
"Coenagrion intermedium","Dijkstra et al. 2020","Dijkstra et al. 2020","Dijkstra et al. 2020","Dijkstra et al. 2020","expert opinion De  Knijf","Brochard pers comm.","Brochard pers comm.","Brochard pers comm.","De Knijf et al. 2024","Wildermuth & Martens 2019","Billqvist et al. 2023 (northern species); Boudot & Kalkman 2015; Sparrow et al. 2021; Smallshire & Swash 2020; www.observation.org","Termaat et al. 2019","Termaat et al. 2019","literature information NA, but most likely same as other southern Coenagrion species as C. caerulescens","Wildermuth & Martens 2019","Wildermuth & Martens 2019","expert opinion C. Brochard & G. De Knijf","De Knijf et al. 2024","De Knijf et al. 2024","De Knijf et al. 2024","De Knijf et al. 2024","De Knijf et al. 2024","De Knijf et al. 2024","De Knijf et al. 2024","De Knijf et al. 2024","De Knijf et al. 2024","De Knijf et al. 2024","De Knijf et al. 2024","De Knijf et al. 2024","De Knijf et al. 2024","De Knijf et al. 2024"
"Coenagrion johanssoni","Dijkstra et al. 2020","Dijkstra et al. 2020","Dijkstra et al. 2020","Dijkstra et al. 2020","expert opinion De  Knijf","Brochard pers comm.","Brochard pers comm.","Brochard pers comm.","De Knijf et al. 2024","Wildermuth & Martens 2019","Billqvist et al. 2023 (northern species); Boudot & Kalkman 2015; Sparrow et al. 2021; Smallshire & Swash 2020; www.observation.org","Termaat et al. 2019","Termaat et al. 2019","Wildermuth & Martens 2019","Wildermuth & Martens 2019","Wildermuth & Martens 2019","expert opinion C. Brochard & G. De Knijf","De Knijf et al. 2024","De Knijf et al. 2024","De Knijf et al. 2024","De Knijf et al. 2024","De Knijf et al. 2024","De Knijf et al. 2024","De Knijf et al. 2024","De Knijf et al. 2024","De Knijf et al. 2024","De Knijf et al. 2024","De Knijf et al. 2024","De Knijf et al. 2024","De Knijf et al. 2024","De Knijf et al. 2024"
"Coenagrion lunulatum","Dijkstra et al. 2020","Dijkstra et al. 2020","Dijkstra et al. 2020","Dijkstra et al. 2020","expert opinion De  Knijf","Brochard et al. 2012; Brochard pers comm.","Brochard et al. 2012; Brochard pers comm.","Brochard et al. 2012; Brochard pers comm.","De Knijf et al. 2024","Wildermuth & Martens 2019","Billqvist et al. 2023 (northern species); Boudot & Kalkman 2015; Sparrow et al. 2021; Smallshire & Swash 2020; www.observation.org","Termaat et al. 2019","Termaat et al. 2019","Wildermuth & Martens 2019","Wildermuth & Martens 2019","Wildermuth & Martens 2019","expert opinion C. Brochard & G. De Knijf","De Knijf et al. 2024","De Knijf et al. 2024","De Knijf et al. 2024","De Knijf et al. 2024","De Knijf et al. 2024","De Knijf et al. 2024","De Knijf et al. 2024","De Knijf et al. 2024","De Knijf et al. 2024","De Knijf et al. 2024","De Knijf et al. 2024","De Knijf et al. 2024","De Knijf et al. 2024","De Knijf et al. 2024"
"Coenagrion mercuriale","Dijkstra et al. 2020","Dijkstra et al. 2020","Dijkstra et al. 2020","Dijkstra et al. 2020","expert opinion De  Knijf","Brochard et al. 2012; Brochard pers comm.","Brochard et al. 2012; Brochard pers comm.","Brochard et al. 2012; Brochard pers comm.","De Knijf et al. 2024","Wildermuth & Martens 2019","Billqvist et al. 2023 (northern species); Boudot & Kalkman 2015; Sparrow et al. 2021; Smallshire & Swash 2020; www.observation.org","Termaat et al. 2019","Termaat et al. 2019","Wildermuth & Martens 2019","Wildermuth & Martens 2019","Wildermuth & Martens 2019","expert opinion C. Brochard & G. De Knijf","De Knijf et al. 2024","De Knijf et al. 2024","De Knijf et al. 2024","De Knijf et al. 2024","De Knijf et al. 2024","De Knijf et al. 2024","De Knijf et al. 2024","De Knijf et al. 2024","De Knijf et al. 2024","De Knijf et al. 2024","De Knijf et al. 2024","De Knijf et al. 2024","De Knijf et al. 2024","De Knijf et al. 2024"
"Coenagrion ornatum","Dijkstra et al. 2020","Dijkstra et al. 2020","Dijkstra et al. 2020","Dijkstra et al. 2020","expert opinion De  Knijf","Brochard et al. 2012; Brochard pers comm.","Brochard et al. 2012; Brochard pers comm.","Brochard et al. 2012; Brochard pers comm.","De Knijf et al. 2024","Wildermuth & Martens 2019","Billqvist et al. 2023 (northern species); Boudot & Kalkman 2015; Sparrow et al. 2021; Smallshire & Swash 2020; www.observation.org","Termaat et al. 2019","Termaat et al. 2019","Wildermuth & Martens 2019","Wildermuth & Martens 2019","Wildermuth & Martens 2019","expert opinion C. Brochard & G. De Knijf","De Knijf et al. 2024","De Knijf et al. 2024","De Knijf et al. 2024","De Knijf et al. 2024","De Knijf et al. 2024","De Knijf et al. 2024","De Knijf et al. 2024","De Knijf et al. 2024","De Knijf et al. 2024","De Knijf et al. 2024","De Knijf et al. 2024","De Knijf et al. 2024","De Knijf et al. 2024","De Knijf et al. 2024"
"Coenagrion puella","Dijkstra et al. 2020","Dijkstra et al. 2020","Dijkstra et al. 2020","Dijkstra et al. 2020","expert opinion De  Knijf","Brochard et al. 2012; Brochard pers comm.","Brochard et al. 2012; Brochard pers comm.","Brochard et al. 2012; Brochard pers comm.","De Knijf et al. 2024","Wildermuth & Martens 2019","Billqvist et al. 2023 (northern species); Boudot & Kalkman 2015; Sparrow et al. 2021; Smallshire & Swash 2020; www.observation.org","Termaat et al. 2019","Termaat et al. 2019","Wildermuth & Martens 2019","Wildermuth & Martens 2019","Wildermuth & Martens 2019","expert opinion C. Brochard & G. De Knijf","De Knijf et al. 2024","De Knijf et al. 2024","De Knijf et al. 2024","De Knijf et al. 2024","De Knijf et al. 2024","De Knijf et al. 2024","De Knijf et al. 2024","De Knijf et al. 2024","De Knijf et al. 2024","De Knijf et al. 2024","De Knijf et al. 2024","De Knijf et al. 2024","De Knijf et al. 2024","De Knijf et al. 2024"
"Coenagrion pulchellum","Dijkstra et al. 2020","Dijkstra et al. 2020","Dijkstra et al. 2020","Dijkstra et al. 2020","expert opinion De  Knijf","Brochard et al. 2012; Brochard pers comm.","Brochard et al. 2012; Brochard pers comm.","Brochard et al. 2012; Brochard pers comm.","De Knijf et al. 2024","Wildermuth & Martens 2019","Billqvist et al. 2023 (northern species); Boudot & Kalkman 2015; Sparrow et al. 2021; Smallshire & Swash 2020; www.observation.org","Termaat et al. 2019","Termaat et al. 2019","Wildermuth & Martens 2019","Wildermuth & Martens 2019","Wildermuth & Martens 2019","expert opinion C. Brochard & G. De Knijf","De Knijf et al. 2024","De Knijf et al. 2024","De Knijf et al. 2024","De Knijf et al. 2024","De Knijf et al. 2024","De Knijf et al. 2024","De Knijf et al. 2024","De Knijf et al. 2024","De Knijf et al. 2024","De Knijf et al. 2024","De Knijf et al. 2024","De Knijf et al. 2024","De Knijf et al. 2024","De Knijf et al. 2024"
"Coenagrion scitulum","Dijkstra et al. 2020","Dijkstra et al. 2020","Dijkstra et al. 2020","Dijkstra et al. 2020","expert opinion De  Knijf","Brochard et al. 2012; Brochard pers comm.","Brochard et al. 2012; Brochard pers comm.","Brochard et al. 2012; Brochard pers comm.","De Knijf et al. 2024","Wildermuth & Martens 2019","Billqvist et al. 2023 (northern species); Boudot & Kalkman 2015; Sparrow et al. 2021; Smallshire & Swash 2020; www.observation.org","Termaat et al. 2019","Termaat et al. 2019","Wildermuth & Martens 2019","Wildermuth & Martens 2019","Wildermuth & Martens 2019","expert opinion C. Brochard & G. De Knijf","De Knijf et al. 2024","De Knijf et al. 2024","De Knijf et al. 2024","De Knijf et al. 2024","De Knijf et al. 2024","De Knijf et al. 2024","De Knijf et al. 2024","De Knijf et al. 2024","De Knijf et al. 2024","De Knijf et al. 2024","De Knijf et al. 2024","De Knijf et al. 2024","De Knijf et al. 2024","De Knijf et al. 2024"
"Cordulegaster bidentata","Dijkstra et al. 2020","Dijkstra et al. 2020","Dijkstra et al. 2020","Dijkstra et al. 2020","expert opinion De  Knijf","Brochard et al. 2012; Brochard pers comm.","not relevant","not relevant","De Knijf et al. 2024","Wildermuth & Martens 2019","Billqvist et al. 2023 (northern species); Boudot & Kalkman 2015; Sparrow et al. 2021; Smallshire & Swash 2020; www.observation.org","Termaat et al. 2019","Termaat et al. 2019","Wildermuth & Martens 2019","Wildermuth & Martens 2019","Wildermuth & Martens 2019","expert opinion C. Brochard & G. De Knijf","De Knijf et al. 2024","De Knijf et al. 2024","De Knijf et al. 2024","De Knijf et al. 2024","De Knijf et al. 2024","De Knijf et al. 2024","De Knijf et al. 2024","De Knijf et al. 2024","De Knijf et al. 2024","De Knijf et al. 2024","De Knijf et al. 2024","De Knijf et al. 2024","De Knijf et al. 2024","De Knijf et al. 2024"
"Cordulegaster boltonii","Dijkstra et al. 2020","Dijkstra et al. 2020","Dijkstra et al. 2020","Dijkstra et al. 2020","expert opinion De  Knijf","Brochard et al. 2012; Brochard pers comm.","not relevant","not relevant","De Knijf et al. 2024","Wildermuth & Martens 2019","Billqvist et al. 2023 (northern species); Boudot & Kalkman 2015; Sparrow et al. 2021; Smallshire & Swash 2020; www.observation.org","Termaat et al. 2019","Termaat et al. 2019","Wildermuth & Martens 2019","Wildermuth & Martens 2019","Wildermuth & Martens 2019","expert opinion C. Brochard & G. De Knijf","De Knijf et al. 2024","De Knijf et al. 2024","De Knijf et al. 2024","De Knijf et al. 2024","De Knijf et al. 2024","De Knijf et al. 2024","De Knijf et al. 2024","De Knijf et al. 2024","De Knijf et al. 2024","De Knijf et al. 2024","De Knijf et al. 2024","De Knijf et al. 2024","De Knijf et al. 2024","De Knijf et al. 2024"
"Cordulegaster helladica","Dijkstra et al. 2020","Dijkstra et al. 2020","Dijkstra et al. 2020","Dijkstra et al. 2020","expert opinion De  Knijf","Brochard pers comm.","not relevant","not relevant","De Knijf et al. 2024","Wildermuth & Martens 2019","Billqvist et al. 2023 (northern species); Boudot & Kalkman 2015; Sparrow et al. 2021; Smallshire & Swash 2020; www.observation.org","Termaat et al. 2019","Termaat et al. 2019","literature information NA, but most likely same as other Cordulegaster species","Wildermuth & Martens 2019","Wildermuth & Martens 2019","expert opinion C. Brochard & G. De Knijf","De Knijf et al. 2024","De Knijf et al. 2024","De Knijf et al. 2024","De Knijf et al. 2024","De Knijf et al. 2024","De Knijf et al. 2024","De Knijf et al. 2024","De Knijf et al. 2024","De Knijf et al. 2024","De Knijf et al. 2024","De Knijf et al. 2024","De Knijf et al. 2024","De Knijf et al. 2024","De Knijf et al. 2024"
"Cordulegaster heros","Dijkstra et al. 2020","Dijkstra et al. 2020","Dijkstra et al. 2020","Dijkstra et al. 2020","expert opinion De  Knijf","Brochard pers comm.","not relevant","not relevant","De Knijf et al. 2024","Wildermuth & Martens 2019","Billqvist et al. 2023 (northern species); Boudot & Kalkman 2015; Sparrow et al. 2021; Smallshire & Swash 2020; www.observation.org","Termaat et al. 2019","Termaat et al. 2019","Wildermuth & Martens 2019","Wildermuth & Martens 2019","Wildermuth & Martens 2019","expert opinion C. Brochard & G. De Knijf","De Knijf et al. 2024","De Knijf et al. 2024","De Knijf et al. 2024","De Knijf et al. 2024","De Knijf et al. 2024","De Knijf et al. 2024","De Knijf et al. 2024","De Knijf et al. 2024","De Knijf et al. 2024","De Knijf et al. 2024","De Knijf et al. 2024","De Knijf et al. 2024","De Knijf et al. 2024","De Knijf et al. 2024"
"Cordulegaster insignis","Dijkstra et al. 2020","Dijkstra et al. 2020","Dijkstra et al. 2020","Dijkstra et al. 2020","expert opinion De  Knijf","Brochard pers comm.","not relevant","not relevant","De Knijf et al. 2024","Wildermuth & Martens 2019","Billqvist et al. 2023 (northern species); Boudot & Kalkman 2015; Sparrow et al. 2021; Smallshire & Swash 2020; www.observation.org","Termaat et al. 2019","Termaat et al. 2019","literature information NA, but most likely same as other Cordulegaster species","Wildermuth & Martens 2019","Wildermuth & Martens 2019","expert opinion C. Brochard & G. De Knijf","De Knijf et al. 2024","De Knijf et al. 2024","De Knijf et al. 2024","De Knijf et al. 2024","De Knijf et al. 2024","De Knijf et al. 2024","De Knijf et al. 2024","De Knijf et al. 2024","De Knijf et al. 2024","De Knijf et al. 2024","De Knijf et al. 2024","De Knijf et al. 2024","De Knijf et al. 2024","De Knijf et al. 2024"
"Cordulegaster picta","Dijkstra et al. 2020","Dijkstra et al. 2020","Dijkstra et al. 2020","Dijkstra et al. 2020","expert opinion De  Knijf","Brochard pers comm.","not relevant","not relevant","De Knijf et al. 2024","Wildermuth & Martens 2019","Billqvist et al. 2023 (northern species); Boudot & Kalkman 2015; Sparrow et al. 2021; Smallshire & Swash 2020; www.observation.org","Termaat et al. 2019","Termaat et al. 2019","literature information NA, but most likely same as other Cordulegaster species","Wildermuth & Martens 2019","Wildermuth & Martens 2019","expert opinion C. Brochard & G. De Knijf","De Knijf et al. 2024","De Knijf et al. 2024","De Knijf et al. 2024","De Knijf et al. 2024","De Knijf et al. 2024","De Knijf et al. 2024","De Knijf et al. 2024","De Knijf et al. 2024","De Knijf et al. 2024","De Knijf et al. 2024","De Knijf et al. 2024","De Knijf et al. 2024","De Knijf et al. 2024","De Knijf et al. 2024"
"Cordulegaster trinacriae","Dijkstra et al. 2020","Dijkstra et al. 2020","Dijkstra et al. 2020","Dijkstra et al. 2020","expert opinion De  Knijf","Brochard pers comm.","not relevant","not relevant","De Knijf et al. 2024","Wildermuth & Martens 2019","Billqvist et al. 2023 (northern species); Boudot & Kalkman 2015; Sparrow et al. 2021; Smallshire & Swash 2020; www.observation.org","Termaat et al. 2019","Termaat et al. 2019","literature information NA, but most likely same as other Cordulegaster species","Wildermuth & Martens 2019","Wildermuth & Martens 2019","expert opinion C. Brochard & G. De Knijf","De Knijf et al. 2024","De Knijf et al. 2024","De Knijf et al. 2024","De Knijf et al. 2024","De Knijf et al. 2024","De Knijf et al. 2024","De Knijf et al. 2024","De Knijf et al. 2024","De Knijf et al. 2024","De Knijf et al. 2024","De Knijf et al. 2024","De Knijf et al. 2024","De Knijf et al. 2024","De Knijf et al. 2024"
"Cordulia aenea","Dijkstra et al. 2020","Dijkstra et al. 2020","Dijkstra et al. 2020","Dijkstra et al. 2020","expert opinion De  Knijf","Brochard et al. 2012; Brochard pers comm.","not relevant","not relevant","De Knijf et al. 2024","Wildermuth & Martens 2019","Billqvist et al. 2023 (northern species); Boudot & Kalkman 2015; Sparrow et al. 2021; Smallshire & Swash 2020; www.observation.org","Termaat et al. 2019","Termaat et al. 2019","Wildermuth & Martens 2019","Wildermuth & Martens 2019","Wildermuth & Martens 2019","expert opinion C. Brochard & G. De Knijf","De Knijf et al. 2024","De Knijf et al. 2024","De Knijf et al. 2024","De Knijf et al. 2024","De Knijf et al. 2024","De Knijf et al. 2024","De Knijf et al. 2024","De Knijf et al. 2024","De Knijf et al. 2024","De Knijf et al. 2024","De Knijf et al. 2024","De Knijf et al. 2024","De Knijf et al. 2024","De Knijf et al. 2024"
"Crocothemis erythraea","Dijkstra et al. 2020","Dijkstra et al. 2020","Dijkstra et al. 2020","Dijkstra et al. 2020","expert opinion De  Knijf","Brochard et al. 2012; Brochard pers comm.","not relevant","not relevant","De Knijf et al. 2024","Wildermuth & Martens 2019","Billqvist et al. 2023 (northern species); Boudot & Kalkman 2015; Sparrow et al. 2021; Smallshire & Swash 2020; www.observation.org","Termaat et al. 2019","Termaat et al. 2019","Wildermuth & Martens 2019","Wildermuth & Martens 2019","Wildermuth & Martens 2019","expert opinion C. Brochard & G. De Knijf","De Knijf et al. 2024","De Knijf et al. 2024","De Knijf et al. 2024","De Knijf et al. 2024","De Knijf et al. 2024","De Knijf et al. 2024","De Knijf et al. 2024","De Knijf et al. 2024","De Knijf et al. 2024","De Knijf et al. 2024","De Knijf et al. 2024","De Knijf et al. 2024","De Knijf et al. 2024","De Knijf et al. 2024"
"Diplacodes lefebvrii","Dijkstra et al. 2020","Dijkstra et al. 2020","Dijkstra et al. 2020","Dijkstra et al. 2020","expert opinion De  Knijf","Brochard pers comm.","not relevant","not relevant","De Knijf et al. 2024","Wildermuth & Martens 2019","Billqvist et al. 2023 (northern species); Boudot & Kalkman 2015; Sparrow et al. 2021; Smallshire & Swash 2020; www.observation.org","Termaat et al. 2019","Termaat et al. 2019","NA","NA","Wildermuth & Martens 2019","expert opinion C. Brochard & G. De Knijf","De Knijf et al. 2024","De Knijf et al. 2024","De Knijf et al. 2024","De Knijf et al. 2024","De Knijf et al. 2024","De Knijf et al. 2024","De Knijf et al. 2024","De Knijf et al. 2024","De Knijf et al. 2024","De Knijf et al. 2024","De Knijf et al. 2024","De Knijf et al. 2024","De Knijf et al. 2024","De Knijf et al. 2024"
"Enallagma cyathigerum","Dijkstra et al. 2020","Dijkstra et al. 2020","Dijkstra et al. 2020","Dijkstra et al. 2020","expert opinion De  Knijf","Brochard et al. 2012; Brochard pers comm.","Brochard et al. 2012; Brochard pers comm.","Brochard et al. 2012; Brochard pers comm.","De Knijf et al. 2024","Wildermuth & Martens 2019","Billqvist et al. 2023 (northern species); Boudot & Kalkman 2015; Sparrow et al. 2021; Smallshire & Swash 2020; www.observation.org","Termaat et al. 2019","Termaat et al. 2019","Wildermuth & Martens 2019","Wildermuth & Martens 2019","Wildermuth & Martens 2019","expert opinion C. Brochard & G. De Knijf","De Knijf et al. 2024","De Knijf et al. 2024","De Knijf et al. 2024","De Knijf et al. 2024","De Knijf et al. 2024","De Knijf et al. 2024","De Knijf et al. 2024","De Knijf et al. 2024","De Knijf et al. 2024","De Knijf et al. 2024","De Knijf et al. 2024","De Knijf et al. 2024","De Knijf et al. 2024","De Knijf et al. 2024"
"Epallage fatime","Dijkstra et al. 2020","Dijkstra et al. 2020","Dijkstra et al. 2020","Dijkstra et al. 2020","expert opinion De  Knijf","Brochard pers comm.","Brochard pers comm.","Brochard pers comm.","De Knijf et al. 2024","Wildermuth & Martens 2019","Billqvist et al. 2023 (northern species); Boudot & Kalkman 2015; Sparrow et al. 2021; Smallshire & Swash 2020; www.observation.org","Termaat et al. 2019","Termaat et al. 2019","Wildermuth & Martens 2019","Wildermuth & Martens 2019","Wildermuth & Martens 2019","expert opinion C. Brochard & G. De Knijf","De Knijf et al. 2024","De Knijf et al. 2024","De Knijf et al. 2024","De Knijf et al. 2024","De Knijf et al. 2024","De Knijf et al. 2024","De Knijf et al. 2024","De Knijf et al. 2024","De Knijf et al. 2024","De Knijf et al. 2024","De Knijf et al. 2024","De Knijf et al. 2024","De Knijf et al. 2024","De Knijf et al. 2024"
"Epitheca bimaculata","Dijkstra et al. 2020","Dijkstra et al. 2020","Dijkstra et al. 2020","Dijkstra et al. 2020","expert opinion De  Knijf","Brochard et al. 2012; Brochard pers comm.","not relevant","not relevant","De Knijf et al. 2024","Wildermuth & Martens 2019","Billqvist et al. 2023 (northern species); Boudot & Kalkman 2015; Sparrow et al. 2021; Smallshire & Swash 2020; www.observation.org","Termaat et al. 2019","Termaat et al. 2019","Wildermuth & Martens 2019","Wildermuth & Martens 2019","Wildermuth & Martens 2019","expert opinion C. Brochard & G. De Knijf","De Knijf et al. 2024","De Knijf et al. 2024","De Knijf et al. 2024","De Knijf et al. 2024","De Knijf et al. 2024","De Knijf et al. 2024","De Knijf et al. 2024","De Knijf et al. 2024","De Knijf et al. 2024","De Knijf et al. 2024","De Knijf et al. 2024","De Knijf et al. 2024","De Knijf et al. 2024","De Knijf et al. 2024"
"Erythromma lindenii","Dijkstra et al. 2020","Dijkstra et al. 2020","Dijkstra et al. 2020","Dijkstra et al. 2020","expert opinion De  Knijf","Brochard et al. 2012; Brochard pers comm.","Brochard et al. 2012; Brochard pers comm.","Brochard et al. 2012; Brochard pers comm.","De Knijf et al. 2024","Wildermuth & Martens 2019","Billqvist et al. 2023 (northern species); Boudot & Kalkman 2015; Sparrow et al. 2021; Smallshire & Swash 2020; www.observation.org","Termaat et al. 2019","Termaat et al. 2019","Wildermuth & Martens 2019","Wildermuth & Martens 2019","Wildermuth & Martens 2019","expert opinion C. Brochard & G. De Knijf","De Knijf et al. 2024","De Knijf et al. 2024","De Knijf et al. 2024","De Knijf et al. 2024","De Knijf et al. 2024","De Knijf et al. 2024","De Knijf et al. 2024","De Knijf et al. 2024","De Knijf et al. 2024","De Knijf et al. 2024","De Knijf et al. 2024","De Knijf et al. 2024","De Knijf et al. 2024","De Knijf et al. 2024"
"Erythromma najas","Dijkstra et al. 2020","Dijkstra et al. 2020","Dijkstra et al. 2020","Dijkstra et al. 2020","expert opinion De  Knijf","Brochard et al. 2012; Brochard pers comm.","Brochard et al. 2012; Brochard pers comm.","Brochard et al. 2012; Brochard pers comm.","De Knijf et al. 2024","Wildermuth & Martens 2019","Billqvist et al. 2023 (northern species); Boudot & Kalkman 2015; Sparrow et al. 2021; Smallshire & Swash 2020; www.observation.org","Termaat et al. 2019","Termaat et al. 2019","Wildermuth & Martens 2019","Wildermuth & Martens 2019","Wildermuth & Martens 2019","expert opinion C. Brochard & G. De Knijf","De Knijf et al. 2024","De Knijf et al. 2024","De Knijf et al. 2024","De Knijf et al. 2024","De Knijf et al. 2024","De Knijf et al. 2024","De Knijf et al. 2024","De Knijf et al. 2024","De Knijf et al. 2024","De Knijf et al. 2024","De Knijf et al. 2024","De Knijf et al. 2024","De Knijf et al. 2024","De Knijf et al. 2024"
"Erythromma viridulum","Dijkstra et al. 2020","Dijkstra et al. 2020","Dijkstra et al. 2020","Dijkstra et al. 2020","expert opinion De  Knijf","Brochard et al. 2012; Brochard pers comm.","Brochard et al. 2012; Brochard pers comm.","Brochard et al. 2012; Brochard pers comm.","De Knijf et al. 2024","Wildermuth & Martens 2019","Billqvist et al. 2023 (northern species); Boudot & Kalkman 2015; Sparrow et al. 2021; Smallshire & Swash 2020; www.observation.org","Termaat et al. 2019","Termaat et al. 2019","Wildermuth & Martens 2019","Wildermuth & Martens 2019","Wildermuth & Martens 2019","expert opinion C. Brochard & G. De Knijf","De Knijf et al. 2024","De Knijf et al. 2024","De Knijf et al. 2024","De Knijf et al. 2024","De Knijf et al. 2024","De Knijf et al. 2024","De Knijf et al. 2024","De Knijf et al. 2024","De Knijf et al. 2024","De Knijf et al. 2024","De Knijf et al. 2024","De Knijf et al. 2024","De Knijf et al. 2024","De Knijf et al. 2024"
"Gomphus graslinii","Dijkstra et al. 2020","Dijkstra et al. 2020","Dijkstra et al. 2020","Dijkstra et al. 2020","expert opinion De  Knijf","Brochard pers comm.","not relevant","not relevant","De Knijf et al. 2024","Wildermuth & Martens 2019","Billqvist et al. 2023 (northern species); Boudot & Kalkman 2015; Sparrow et al. 2021; Smallshire & Swash 2020; www.observation.org","Termaat et al. 2019","Termaat et al. 2019","Wildermuth & Martens 2019","Wildermuth & Martens 2019","Wildermuth & Martens 2019","expert opinion C. Brochard & G. De Knijf","De Knijf et al. 2024","De Knijf et al. 2024","De Knijf et al. 2024","De Knijf et al. 2024","De Knijf et al. 2024","De Knijf et al. 2024","De Knijf et al. 2024","De Knijf et al. 2024","De Knijf et al. 2024","De Knijf et al. 2024","De Knijf et al. 2024","De Knijf et al. 2024","De Knijf et al. 2024","De Knijf et al. 2024"
"Gomphus pulchellus","Dijkstra et al. 2020","Dijkstra et al. 2020","Dijkstra et al. 2020","Dijkstra et al. 2020","expert opinion De  Knijf","Brochard et al. 2012; Brochard pers comm.","not relevant","not relevant","De Knijf et al. 2024","Wildermuth & Martens 2019","Billqvist et al. 2023 (northern species); Boudot & Kalkman 2015; Sparrow et al. 2021; Smallshire & Swash 2020; www.observation.org","Termaat et al. 2019","Termaat et al. 2019","Wildermuth & Martens 2019","Wildermuth & Martens 2019","Wildermuth & Martens 2019","expert opinion C. Brochard & G. De Knijf","De Knijf et al. 2024","De Knijf et al. 2024","De Knijf et al. 2024","De Knijf et al. 2024","De Knijf et al. 2024","De Knijf et al. 2024","De Knijf et al. 2024","De Knijf et al. 2024","De Knijf et al. 2024","De Knijf et al. 2024","De Knijf et al. 2024","De Knijf et al. 2024","De Knijf et al. 2024","De Knijf et al. 2024"
"Gomphus schneiderii","Dijkstra et al. 2020","Dijkstra et al. 2020","Dijkstra et al. 2020","Dijkstra et al. 2020","expert opinion De  Knijf","Brochard pers comm.","not relevant","not relevant","De Knijf et al. 2024","Wildermuth & Martens 2019","Billqvist et al. 2023 (northern species); Boudot & Kalkman 2015; Sparrow et al. 2021; Smallshire & Swash 2020; www.observation.org","Termaat et al. 2019","Termaat et al. 2019","literature information NA, but most likely same as Gomphus vulgatissimus in its southern distribution range","Wildermuth & Martens 2019","Wildermuth & Martens 2019","expert opinion C. Brochard & G. De Knijf","De Knijf et al. 2024","De Knijf et al. 2024","De Knijf et al. 2024","De Knijf et al. 2024","De Knijf et al. 2024","De Knijf et al. 2024","De Knijf et al. 2024","De Knijf et al. 2024","De Knijf et al. 2024","De Knijf et al. 2024","De Knijf et al. 2024","De Knijf et al. 2024","De Knijf et al. 2024","De Knijf et al. 2024"
"Gomphus simillimus","Dijkstra et al. 2020","Dijkstra et al. 2020; Suhling & Müller 1996","Dijkstra et al. 2020","Dijkstra et al. 2020","expert opinion De  Knijf","Brochard et al. 2012; Brochard pers comm.","not relevant","not relevant","De Knijf et al. 2024","Wildermuth & Martens 2019","Billqvist et al. 2023 (northern species); Boudot & Kalkman 2015; Sparrow et al. 2021; Smallshire & Swash 2020; www.observation.org","Termaat et al. 2019","Termaat et al. 2019","Wildermuth & Martens 2019","Wildermuth & Martens 2019","Wildermuth & Martens 2019","expert opinion C. Brochard & G. De Knijf","De Knijf et al. 2024","De Knijf et al. 2024","De Knijf et al. 2024","De Knijf et al. 2024","De Knijf et al. 2024","De Knijf et al. 2024","De Knijf et al. 2024","De Knijf et al. 2024","De Knijf et al. 2024","De Knijf et al. 2024","De Knijf et al. 2024","De Knijf et al. 2024","De Knijf et al. 2024","De Knijf et al. 2024"
"Gomphus vulgatissimus","Dijkstra et al. 2020","Dijkstra et al. 2020","Dijkstra et al. 2020","Dijkstra et al. 2020","expert opinion De  Knijf","Brochard et al. 2012; Brochard pers comm.","not relevant","not relevant","De Knijf et al. 2024","Wildermuth & Martens 2019","Billqvist et al. 2023 (northern species); Boudot & Kalkman 2015; Sparrow et al. 2021; Smallshire & Swash 2020; www.observation.org","Termaat et al. 2019","Termaat et al. 2019","Wildermuth & Martens 2019","Wildermuth & Martens 2019","Wildermuth & Martens 2019","expert opinion C. Brochard & G. De Knijf","De Knijf et al. 2024","De Knijf et al. 2024","De Knijf et al. 2024","De Knijf et al. 2024","De Knijf et al. 2024","De Knijf et al. 2024","De Knijf et al. 2024","De Knijf et al. 2024","De Knijf et al. 2024","De Knijf et al. 2024","De Knijf et al. 2024","De Knijf et al. 2024","De Knijf et al. 2024","De Knijf et al. 2024"
"Ischnura aralensis","NA","NA","NA","Boudot et al. 2021","expert opinion De  Knijf","NA","NA","NA","Boudot et al. 2021; De Knijf et al. 2024","Wildermuth & Martens 2019","Billqvist et al. 2023 (northern species); Boudot & Kalkman 2015; Sparrow et al. 2021; Smallshire & Swash 2020; www.observation.org","Termaat et al. 2019","Termaat et al. 2019","Wildermuth & Martens 2019","NA","literature information NA, but most likely same as other Ischnura species","expert opinion C. Brochard & G. De Knijf","De Knijf et al. 2024","De Knijf et al. 2024","De Knijf et al. 2024","De Knijf et al. 2024","De Knijf et al. 2024","De Knijf et al. 2024","De Knijf et al. 2024","De Knijf et al. 2024","De Knijf et al. 2024","De Knijf et al. 2024","De Knijf et al. 2024","De Knijf et al. 2024","De Knijf et al. 2024","De Knijf et al. 2024"
"Ischnura elegans","Dijkstra et al. 2020","Dijkstra et al. 2020","Dijkstra et al. 2020","Dijkstra et al. 2020","expert opinion De  Knijf","Brochard et al. 2012; Brochard pers comm.","Brochard et al. 2012; Brochard pers comm.","Brochard et al. 2012; Brochard pers comm.","De Knijf et al. 2024","Wildermuth & Martens 2019","Billqvist et al. 2023 (northern species); Boudot & Kalkman 2015; Sparrow et al. 2021; Smallshire & Swash 2020; www.observation.org","Termaat et al. 2019","Termaat et al. 2019","Wildermuth & Martens 2019","Wildermuth & Martens 2019","Wildermuth & Martens 2019","expert opinion C. Brochard & G. De Knijf","De Knijf et al. 2024","De Knijf et al. 2024","De Knijf et al. 2024","De Knijf et al. 2024","De Knijf et al. 2024","De Knijf et al. 2024","De Knijf et al. 2024","De Knijf et al. 2024","De Knijf et al. 2024","De Knijf et al. 2024","De Knijf et al. 2024","De Knijf et al. 2024","De Knijf et al. 2024","De Knijf et al. 2024"
"Ischnura fountaineae","Dijkstra et al. 2020","Dijkstra et al. 2020","Dijkstra et al. 2020","Dijkstra et al. 2020","expert opinion De  Knijf","Brochard pers comm.","Brochard pers comm.","Brochard pers comm.","De Knijf et al. 2024","Wildermuth & Martens 2019","Billqvist et al. 2023 (northern species); Boudot & Kalkman 2015; Sparrow et al. 2021; Smallshire & Swash 2020; www.observation.org","Termaat et al. 2019","Termaat et al. 2019","Wildermuth & Martens 2019","NA","Wildermuth & Martens 2019","expert opinion C. Brochard & G. De Knijf","De Knijf et al. 2024","De Knijf et al. 2024","De Knijf et al. 2024","De Knijf et al. 2024","De Knijf et al. 2024","De Knijf et al. 2024","De Knijf et al. 2024","De Knijf et al. 2024","De Knijf et al. 2024","De Knijf et al. 2024","De Knijf et al. 2024","De Knijf et al. 2024","De Knijf et al. 2024","De Knijf et al. 2024"
"Ischnura genei","Dijkstra et al. 2020","Dijkstra et al. 2020","Dijkstra et al. 2020","Dijkstra et al. 2020","expert opinion De  Knijf","Brochard pers comm.","Brochard pers comm.","Brochard pers comm.","De Knijf et al. 2024","Wildermuth & Martens 2019","Billqvist et al. 2023 (northern species); Boudot & Kalkman 2015; Sparrow et al. 2021; Smallshire & Swash 2020; www.observation.org","Termaat et al. 2019","Termaat et al. 2019","NA","NA","Wildermuth & Martens 2019","expert opinion C. Brochard & G. De Knijf","De Knijf et al. 2024","De Knijf et al. 2024","De Knijf et al. 2024","De Knijf et al. 2024","De Knijf et al. 2024","De Knijf et al. 2024","De Knijf et al. 2024","De Knijf et al. 2024","De Knijf et al. 2024","De Knijf et al. 2024","De Knijf et al. 2024","De Knijf et al. 2024","De Knijf et al. 2024","De Knijf et al. 2024"
"Ischnura graellsii","Dijkstra et al. 2020","Dijkstra et al. 2020","Dijkstra et al. 2020","Dijkstra et al. 2020","expert opinion De  Knijf","Brochard pers comm.","Brochard pers comm.","Brochard pers comm.","De Knijf et al. 2024","Wildermuth & Martens 2019","Billqvist et al. 2023 (northern species); Boudot & Kalkman 2015; Sparrow et al. 2021; Smallshire & Swash 2020; www.observation.org","Termaat et al. 2019","Termaat et al. 2019","Wildermuth & Martens 2019","Wildermuth & Martens 2019","Wildermuth & Martens 2019","expert opinion C. Brochard & G. De Knijf","De Knijf et al. 2024","De Knijf et al. 2024","De Knijf et al. 2024","De Knijf et al. 2024","De Knijf et al. 2024","De Knijf et al. 2024","De Knijf et al. 2024","De Knijf et al. 2024","De Knijf et al. 2024","De Knijf et al. 2024","De Knijf et al. 2024","De Knijf et al. 2024","De Knijf et al. 2024","De Knijf et al. 2024"
"Ischnura hastata","Dijkstra et al. 2020","Dijkstra et al. 2020","Dijkstra et al. 2020","Dijkstra et al. 2020","expert opinion De  Knijf","NA","NA","NA","De Knijf et al. 2024","Wildermuth & Martens 2019","Billqvist et al. 2023 (northern species); Boudot & Kalkman 2015; Sparrow et al. 2021; Smallshire & Swash 2020; www.observation.org","Termaat et al. 2019","Termaat et al. 2019","Wildermuth & Martens 2019","Wildermuth & Martens 2019","Wildermuth & Martens 2019","expert opinion C. Brochard & G. De Knijf","De Knijf et al. 2024","De Knijf et al. 2024","De Knijf et al. 2024","De Knijf et al. 2024","De Knijf et al. 2024","De Knijf et al. 2024","De Knijf et al. 2024","De Knijf et al. 2024","De Knijf et al. 2024","De Knijf et al. 2024","De Knijf et al. 2024","De Knijf et al. 2024","De Knijf et al. 2024","De Knijf et al. 2024"
"Ischnura intermedia","Dijkstra et al. 2020","Dijkstra et al. 2020","Dijkstra et al. 2020","Dijkstra et al. 2020","expert opinion De  Knijf","Brochard pers comm.","NA","NA","De Knijf et al. 2024","Wildermuth & Martens 2019","Billqvist et al. 2023 (northern species); Boudot & Kalkman 2015; Sparrow et al. 2021; Smallshire & Swash 2020; www.observation.org","Termaat et al. 2019","Termaat et al. 2019","De Knijf et al. 2016","De Knijf et al. 2016","De Knijf et al. 2016","expert opinion C. Brochard & G. De Knijf","De Knijf et al. 2024","De Knijf et al. 2024","De Knijf et al. 2024","De Knijf et al. 2024","De Knijf et al. 2024","De Knijf et al. 2024","De Knijf et al. 2024","De Knijf et al. 2024","De Knijf et al. 2024","De Knijf et al. 2024","De Knijf et al. 2024","De Knijf et al. 2024","De Knijf et al. 2024","De Knijf et al. 2024"
"Ischnura pumilio","Dijkstra et al. 2020","Dijkstra et al. 2020","Dijkstra et al. 2020","Dijkstra et al. 2020","expert opinion De  Knijf","Brochard et al. 2012; Brochard pers comm.","Brochard et al. 2012; Brochard pers comm.","Brochard et al. 2012; Brochard pers comm.","De Knijf et al. 2024","Wildermuth & Martens 2019","Billqvist et al. 2023 (northern species); Boudot & Kalkman 2015; Sparrow et al. 2021; Smallshire & Swash 2020; www.observation.org","Termaat et al. 2019","Termaat et al. 2019","Wildermuth & Martens 2019","Wildermuth & Martens 2019","Wildermuth & Martens 2019","expert opinion C. Brochard & G. De Knijf","De Knijf et al. 2024","De Knijf et al. 2024","De Knijf et al. 2024","De Knijf et al. 2024","De Knijf et al. 2024","De Knijf et al. 2024","De Knijf et al. 2024","De Knijf et al. 2024","De Knijf et al. 2024","De Knijf et al. 2024","De Knijf et al. 2024","De Knijf et al. 2024","De Knijf et al. 2024","De Knijf et al. 2024"
"Ischnura saharensis","Dijkstra et al. 2020","Dijkstra et al. 2020","Dijkstra et al. 2020","Dijkstra et al. 2020","expert opinion De  Knijf","NA","NA","NA","De Knijf et al. 2024","Wildermuth & Martens 2019","Billqvist et al. 2023 (northern species); Boudot & Kalkman 2015; Sparrow et al. 2021; Smallshire & Swash 2020; www.observation.org","Termaat et al. 2019","Termaat et al. 2019","NA","NA","literature information NA, but most likely same as other Ischnura species","expert opinion C. Brochard & G. De Knijf","De Knijf et al. 2024","De Knijf et al. 2024","De Knijf et al. 2024","De Knijf et al. 2024","De Knijf et al. 2024","De Knijf et al. 2024","De Knijf et al. 2024","De Knijf et al. 2024","De Knijf et al. 2024","De Knijf et al. 2024","De Knijf et al. 2024","De Knijf et al. 2024","De Knijf et al. 2024","De Knijf et al. 2024"
"Ischnura senegalensis","Dijkstra et al. 2020","Dijkstra et al. 2020","Dijkstra et al. 2020","Dijkstra et al. 2020","expert opinion De  Knijf","NA","NA","NA","De Knijf et al. 2024","Wildermuth & Martens 2019","Billqvist et al. 2023 (northern species); Boudot & Kalkman 2015; Sparrow et al. 2021; Smallshire & Swash 2020; www.observation.org","Termaat et al. 2019","Termaat et al. 2019","NA","NA","literature information NA, but most likely same as other Ischnura species","expert opinion C. Brochard & G. De Knijf","De Knijf et al. 2024","De Knijf et al. 2024","De Knijf et al. 2024","De Knijf et al. 2024","De Knijf et al. 2024","De Knijf et al. 2024","De Knijf et al. 2024","De Knijf et al. 2024","De Knijf et al. 2024","De Knijf et al. 2024","De Knijf et al. 2024","De Knijf et al. 2024","De Knijf et al. 2024","De Knijf et al. 2024"
"Lestes barbarus","Dijkstra et al. 2020","Dijkstra et al. 2020","Dijkstra et al. 2020","Dijkstra et al. 2020","expert opinion De  Knijf","Brochard et al. 2012; Brochard pers comm.","Brochard et al. 2012; Brochard pers comm.","Brochard et al. 2012; Brochard pers comm.","De Knijf et al. 2024","Wildermuth & Martens 2019","Billqvist et al. 2023 (northern species); Boudot & Kalkman 2015; Sparrow et al. 2021; Smallshire & Swash 2020; www.observation.org","Termaat et al. 2019","Termaat et al. 2019","Wildermuth & Martens 2019","Wildermuth & Martens 2019","Wildermuth & Martens 2019","expert opinion C. Brochard & G. De Knijf","De Knijf et al. 2024","De Knijf et al. 2024","De Knijf et al. 2024","De Knijf et al. 2024","De Knijf et al. 2024","De Knijf et al. 2024","De Knijf et al. 2024","De Knijf et al. 2024","De Knijf et al. 2024","De Knijf et al. 2024","De Knijf et al. 2024","De Knijf et al. 2024","De Knijf et al. 2024","De Knijf et al. 2024"
"Lestes dryas","Dijkstra et al. 2020","Dijkstra et al. 2020","Dijkstra et al. 2020","Dijkstra et al. 2020","expert opinion De  Knijf","Brochard et al. 2012; Brochard pers comm.","Brochard et al. 2012; Brochard pers comm.","Brochard et al. 2012; Brochard pers comm.","De Knijf et al. 2024","Wildermuth & Martens 2019","Billqvist et al. 2023 (northern species); Boudot & Kalkman 2015; Sparrow et al. 2021; Smallshire & Swash 2020; www.observation.org","Termaat et al. 2019","Termaat et al. 2019","Wildermuth & Martens 2019","Wildermuth & Martens 2019","Wildermuth & Martens 2019","expert opinion C. Brochard & G. De Knijf","De Knijf et al. 2024","De Knijf et al. 2024","De Knijf et al. 2024","De Knijf et al. 2024","De Knijf et al. 2024","De Knijf et al. 2024","De Knijf et al. 2024","De Knijf et al. 2024","De Knijf et al. 2024","De Knijf et al. 2024","De Knijf et al. 2024","De Knijf et al. 2024","De Knijf et al. 2024","De Knijf et al. 2024"
"Lestes macrostigma","Dijkstra et al. 2020","Dijkstra et al. 2020","Dijkstra et al. 2020","Dijkstra et al. 2020","expert opinion De  Knijf","Brochard et al. 2012; Brochard pers comm.","Brochard et al. 2012; Brochard pers comm.","Brochard et al. 2012; Brochard pers comm.","De Knijf et al. 2024","Wildermuth & Martens 2019","Billqvist et al. 2023 (northern species); Boudot & Kalkman 2015; Sparrow et al. 2021; Smallshire & Swash 2020; www.observation.org","Termaat et al. 2019","Termaat et al. 2019","Wildermuth & Martens 2019","Wildermuth & Martens 2019","Wildermuth & Martens 2019","expert opinion C. Brochard & G. De Knijf","De Knijf et al. 2024","De Knijf et al. 2024","De Knijf et al. 2024","De Knijf et al. 2024","De Knijf et al. 2024","De Knijf et al. 2024","De Knijf et al. 2024","De Knijf et al. 2024","De Knijf et al. 2024","De Knijf et al. 2024","De Knijf et al. 2024","De Knijf et al. 2024","De Knijf et al. 2024","De Knijf et al. 2024"
"Lestes sponsa","Dijkstra et al. 2020","Dijkstra et al. 2020","Dijkstra et al. 2020","Dijkstra et al. 2020","expert opinion De  Knijf","Brochard et al. 2012; Brochard pers comm.","Brochard et al. 2012; Brochard pers comm.","Brochard et al. 2012; Brochard pers comm.","De Knijf et al. 2024","Wildermuth & Martens 2019","Billqvist et al. 2023 (northern species); Boudot & Kalkman 2015; Sparrow et al. 2021; Smallshire & Swash 2020; www.observation.org","Termaat et al. 2019","Termaat et al. 2019","Wildermuth & Martens 2019","Wildermuth & Martens 2019","Wildermuth & Martens 2019","expert opinion C. Brochard & G. De Knijf","De Knijf et al. 2024","De Knijf et al. 2024","De Knijf et al. 2024","De Knijf et al. 2024","De Knijf et al. 2024","De Knijf et al. 2024","De Knijf et al. 2024","De Knijf et al. 2024","De Knijf et al. 2024","De Knijf et al. 2024","De Knijf et al. 2024","De Knijf et al. 2024","De Knijf et al. 2024","De Knijf et al. 2024"
"Lestes virens","Dijkstra et al. 2020","Dijkstra et al. 2020","Dijkstra et al. 2020","Dijkstra et al. 2020","expert opinion De  Knijf","Brochard et al. 2012; Brochard pers comm.","Brochard et al. 2012; Brochard pers comm.","Brochard et al. 2012; Brochard pers comm.","De Knijf et al. 2024","Wildermuth & Martens 2019","Billqvist et al. 2023 (northern species); Boudot & Kalkman 2015; Sparrow et al. 2021; Smallshire & Swash 2020; www.observation.org","Termaat et al. 2019","Termaat et al. 2019","Wildermuth & Martens 2019","Wildermuth & Martens 2019","Wildermuth & Martens 2019","expert opinion C. Brochard & G. De Knijf","De Knijf et al. 2024","De Knijf et al. 2024","De Knijf et al. 2024","De Knijf et al. 2024","De Knijf et al. 2024","De Knijf et al. 2024","De Knijf et al. 2024","De Knijf et al. 2024","De Knijf et al. 2024","De Knijf et al. 2024","De Knijf et al. 2024","De Knijf et al. 2024","De Knijf et al. 2024","De Knijf et al. 2024"
"Leucorrhinia albifrons","Dijkstra et al. 2020","Dijkstra et al. 2020","Dijkstra et al. 2020","Dijkstra et al. 2020","expert opinion De  Knijf","Brochard et al. 2012; Brochard pers comm.","not relevant","not relevant","De Knijf et al. 2024","Wildermuth & Martens 2019","Billqvist et al. 2023 (northern species); Boudot & Kalkman 2015; Sparrow et al. 2021; Smallshire & Swash 2020; www.observation.org","Termaat et al. 2019","Termaat et al. 2019","Wildermuth & Martens 2019","Wildermuth & Martens 2019","Wildermuth & Martens 2019","expert opinion C. Brochard & G. De Knijf","De Knijf et al. 2024","De Knijf et al. 2024","De Knijf et al. 2024","De Knijf et al. 2024","De Knijf et al. 2024","De Knijf et al. 2024","De Knijf et al. 2024","De Knijf et al. 2024","De Knijf et al. 2024","De Knijf et al. 2024","De Knijf et al. 2024","De Knijf et al. 2024","De Knijf et al. 2024","De Knijf et al. 2024"
"Leucorrhinia caudalis","Dijkstra et al. 2020","Dijkstra et al. 2020","Dijkstra et al. 2020","Dijkstra et al. 2020","expert opinion De  Knijf","Brochard et al. 2012; Brochard pers comm.","not relevant","not relevant","De Knijf et al. 2024","Wildermuth & Martens 2019","Billqvist et al. 2023 (northern species); Boudot & Kalkman 2015; Sparrow et al. 2021; Smallshire & Swash 2020; www.observation.org","Termaat et al. 2019","Termaat et al. 2019","Wildermuth & Martens 2019","Wildermuth & Martens 2019","Wildermuth & Martens 2019","expert opinion C. Brochard & G. De Knijf","De Knijf et al. 2024","De Knijf et al. 2024","De Knijf et al. 2024","De Knijf et al. 2024","De Knijf et al. 2024","De Knijf et al. 2024","De Knijf et al. 2024","De Knijf et al. 2024","De Knijf et al. 2024","De Knijf et al. 2024","De Knijf et al. 2024","De Knijf et al. 2024","De Knijf et al. 2024","De Knijf et al. 2024"
"Leucorrhinia dubia","Dijkstra et al. 2020","Dijkstra et al. 2020","Dijkstra et al. 2020","Dijkstra et al. 2020","expert opinion De  Knijf","Brochard et al. 2012; Brochard pers comm.","not relevant","not relevant","De Knijf et al. 2024","Wildermuth & Martens 2019","Billqvist et al. 2023 (northern species); Boudot & Kalkman 2015; Sparrow et al. 2021; Smallshire & Swash 2020; www.observation.org","Termaat et al. 2019","Termaat et al. 2019","Wildermuth & Martens 2019","Wildermuth & Martens 2019","Wildermuth & Martens 2019","expert opinion C. Brochard & G. De Knijf","De Knijf et al. 2024","De Knijf et al. 2024","De Knijf et al. 2024","De Knijf et al. 2024","De Knijf et al. 2024","De Knijf et al. 2024","De Knijf et al. 2024","De Knijf et al. 2024","De Knijf et al. 2024","De Knijf et al. 2024","De Knijf et al. 2024","De Knijf et al. 2024","De Knijf et al. 2024","De Knijf et al. 2024"
"Leucorrhinia pectoralis","Dijkstra et al. 2020","Dijkstra et al. 2020","Dijkstra et al. 2020","Dijkstra et al. 2020","expert opinion De  Knijf","Brochard et al. 2012; Brochard pers comm.","not relevant","not relevant","De Knijf et al. 2024","Wildermuth & Martens 2019","Billqvist et al. 2023 (northern species); Boudot & Kalkman 2015; Sparrow et al. 2021; Smallshire & Swash 2020; www.observation.org","Termaat et al. 2019","Termaat et al. 2019","Wildermuth & Martens 2019","Wildermuth & Martens 2019","Wildermuth & Martens 2019","expert opinion C. Brochard & G. De Knijf","De Knijf et al. 2024","De Knijf et al. 2024","De Knijf et al. 2024","De Knijf et al. 2024","De Knijf et al. 2024","De Knijf et al. 2024","De Knijf et al. 2024","De Knijf et al. 2024","De Knijf et al. 2024","De Knijf et al. 2024","De Knijf et al. 2024","De Knijf et al. 2024","De Knijf et al. 2024","De Knijf et al. 2024"
"Leucorrhinia rubicunda","Dijkstra et al. 2020","Dijkstra et al. 2020","Dijkstra et al. 2020","Dijkstra et al. 2020","expert opinion De  Knijf","Brochard et al. 2012; Brochard pers comm.","not relevant","not relevant","De Knijf et al. 2024","Wildermuth & Martens 2019","Billqvist et al. 2023 (northern species); Boudot & Kalkman 2015; Sparrow et al. 2021; Smallshire & Swash 2020; www.observation.org","Termaat et al. 2019","Termaat et al. 2019","Wildermuth & Martens 2019","Wildermuth & Martens 2019","Wildermuth & Martens 2019","expert opinion C. Brochard & G. De Knijf","De Knijf et al. 2024","De Knijf et al. 2024","De Knijf et al. 2024","De Knijf et al. 2024","De Knijf et al. 2024","De Knijf et al. 2024","De Knijf et al. 2024","De Knijf et al. 2024","De Knijf et al. 2024","De Knijf et al. 2024","De Knijf et al. 2024","De Knijf et al. 2024","De Knijf et al. 2024","De Knijf et al. 2024"
"Libellula depressa","Dijkstra et al. 2020","Dijkstra et al. 2020","Dijkstra et al. 2020","Dijkstra et al. 2020","expert opinion De  Knijf","Brochard et al. 2012; Brochard pers comm.","not relevant","not relevant","De Knijf et al. 2024","Wildermuth & Martens 2019","Billqvist et al. 2023 (northern species); Boudot & Kalkman 2015; Sparrow et al. 2021; Smallshire & Swash 2020; www.observation.org","Termaat et al. 2019","Termaat et al. 2019","Wildermuth & Martens 2019","Wildermuth & Martens 2019","Wildermuth & Martens 2019","expert opinion C. Brochard & G. De Knijf","De Knijf et al. 2024","De Knijf et al. 2024","De Knijf et al. 2024","De Knijf et al. 2024","De Knijf et al. 2024","De Knijf et al. 2024","De Knijf et al. 2024","De Knijf et al. 2024","De Knijf et al. 2024","De Knijf et al. 2024","De Knijf et al. 2024","De Knijf et al. 2024","De Knijf et al. 2024","De Knijf et al. 2024"
"Libellula fulva","Dijkstra et al. 2020","Dijkstra et al. 2020","Dijkstra et al. 2020","Dijkstra et al. 2020","expert opinion De  Knijf","Brochard et al. 2012; Brochard pers comm.","not relevant","not relevant","De Knijf et al. 2024","Wildermuth & Martens 2019","Billqvist et al. 2023 (northern species); Boudot & Kalkman 2015; Sparrow et al. 2021; Smallshire & Swash 2020; www.observation.org","Termaat et al. 2019","Termaat et al. 2019","Wildermuth & Martens 2019","Wildermuth & Martens 2019","Wildermuth & Martens 2019","expert opinion C. Brochard & G. De Knijf","De Knijf et al. 2024","De Knijf et al. 2024","De Knijf et al. 2024","De Knijf et al. 2024","De Knijf et al. 2024","De Knijf et al. 2024","De Knijf et al. 2024","De Knijf et al. 2024","De Knijf et al. 2024","De Knijf et al. 2024","De Knijf et al. 2024","De Knijf et al. 2024","De Knijf et al. 2024","De Knijf et al. 2024"
"Libellula quadrimaculata","Dijkstra et al. 2020","Dijkstra et al. 2020","Dijkstra et al. 2020","Dijkstra et al. 2020","expert opinion De  Knijf","Brochard et al. 2012; Brochard pers comm.","not relevant","not relevant","De Knijf et al. 2024","Wildermuth & Martens 2019","Billqvist et al. 2023 (northern species); Boudot & Kalkman 2015; Sparrow et al. 2021; Smallshire & Swash 2020; www.observation.org","Termaat et al. 2019","Termaat et al. 2019","Wildermuth & Martens 2019","Wildermuth & Martens 2019","Wildermuth & Martens 2019","expert opinion C. Brochard & G. De Knijf","De Knijf et al. 2024","De Knijf et al. 2024","De Knijf et al. 2024","De Knijf et al. 2024","De Knijf et al. 2024","De Knijf et al. 2024","De Knijf et al. 2024","De Knijf et al. 2024","De Knijf et al. 2024","De Knijf et al. 2024","De Knijf et al. 2024","De Knijf et al. 2024","De Knijf et al. 2024","De Knijf et al. 2024"
"Lindenia tetraphylla","Dijkstra et al. 2020","Dijkstra et al. 2020","Dijkstra et al. 2020","Dijkstra et al. 2020","expert opinion De  Knijf","Brochard pers comm.","not relevant","not relevant","De Knijf et al. 2024","Wildermuth & Martens 2019","Billqvist et al. 2023 (northern species); Boudot & Kalkman 2015; Sparrow et al. 2021; Smallshire & Swash 2020; www.observation.org","Termaat et al. 2019","Termaat et al. 2019","Wildermuth & Martens 2019","Wildermuth & Martens 2019","Wildermuth & Martens 2019","expert opinion C. Brochard & G. De Knijf","De Knijf et al. 2024","De Knijf et al. 2024","De Knijf et al. 2024","De Knijf et al. 2024","De Knijf et al. 2024","De Knijf et al. 2024","De Knijf et al. 2024","De Knijf et al. 2024","De Knijf et al. 2024","De Knijf et al. 2024","De Knijf et al. 2024","De Knijf et al. 2024","De Knijf et al. 2024","De Knijf et al. 2024"
"Macromia amphigena","NA","NA","NA","Dijkstra et al. 2020","expert opinion De  Knijf","NA","not relevant","not relevant","De Knijf et al. 2024","Wildermuth & Martens 2019","Billqvist et al. 2023 (northern species); Boudot & Kalkman 2015; Sparrow et al. 2021; Smallshire & Swash 2020; www.observation.org","Termaat et al. 2019","Termaat et al. 2019","NA","literature information NA, but most likely same as Macromia splendens","literature information NA, but most likely same as Macromia splendens","expert opinion C. Brochard & G. De Knijf","De Knijf et al. 2024","De Knijf et al. 2024","De Knijf et al. 2024","De Knijf et al. 2024","De Knijf et al. 2024","De Knijf et al. 2024","De Knijf et al. 2024","De Knijf et al. 2024","De Knijf et al. 2024","De Knijf et al. 2024","De Knijf et al. 2024","De Knijf et al. 2024","De Knijf et al. 2024","De Knijf et al. 2024"
"Macromia splendens","Dijkstra et al. 2020","Dijkstra et al. 2020","Dijkstra et al. 2020","Dijkstra et al. 2020","expert opinion De  Knijf","Brochard et al. 2012; Brochard pers comm.","not relevant","not relevant","De Knijf et al. 2024","Wildermuth & Martens 2019","Billqvist et al. 2023 (northern species); Boudot & Kalkman 2015; Sparrow et al. 2021; Smallshire & Swash 2020; www.observation.org","Termaat et al. 2019","Termaat et al. 2019","Wildermuth & Martens 2019","Wildermuth & Martens 2019","Wildermuth & Martens 2019","expert opinion C. Brochard & G. De Knijf","De Knijf et al. 2024","De Knijf et al. 2024","De Knijf et al. 2024","De Knijf et al. 2024","De Knijf et al. 2024","De Knijf et al. 2024","De Knijf et al. 2024","De Knijf et al. 2024","De Knijf et al. 2024","De Knijf et al. 2024","De Knijf et al. 2024","De Knijf et al. 2024","De Knijf et al. 2024","De Knijf et al. 2024"
"Nehalennia speciosa","Dijkstra et al. 2020","Dijkstra et al. 2020","Dijkstra et al. 2020","Dijkstra et al. 2020","expert opinion De  Knijf","Brochard et al. 2012; Brochard pers comm.","Brochard et al. 2012; Brochard pers comm.","Brochard et al. 2012; Brochard pers comm.","De Knijf et al. 2024","Wildermuth & Martens 2019","Billqvist et al. 2023 (northern species); Boudot & Kalkman 2015; Sparrow et al. 2021; Smallshire & Swash 2020; www.observation.org","Termaat et al. 2019","Termaat et al. 2019","Wildermuth & Martens 2019","Wildermuth & Martens 2019","Wildermuth & Martens 2019","expert opinion C. Brochard & G. De Knijf","De Knijf et al. 2024","De Knijf et al. 2024","De Knijf et al. 2024","De Knijf et al. 2024","De Knijf et al. 2024","De Knijf et al. 2024","De Knijf et al. 2024","De Knijf et al. 2024","De Knijf et al. 2024","De Knijf et al. 2024","De Knijf et al. 2024","De Knijf et al. 2024","De Knijf et al. 2024","De Knijf et al. 2024"
"Onychogomphus cazuma","Dijkstra et al. 2020","Dijkstra et al. 2020","Dijkstra et al. 2020","Dijkstra et al. 2020","expert opinion De  Knijf","Brochard pers comm.","not relevant","not relevant","Lopez-Estrada et al. 2020; De Knijf et al. 2024","Lopez-Estrada et al. 2020","Lopez-Estrada et al. 2020","NA","NA","Diaz pers. comm.","Diaz pers. comm.","Lopez-Estrada et al. 2020; Diaz pers. comm.","expert opinion C. Brochard & G. De Knijf","De Knijf et al. 2024","De Knijf et al. 2024","De Knijf et al. 2024","De Knijf et al. 2024","De Knijf et al. 2024","De Knijf et al. 2024","De Knijf et al. 2024","De Knijf et al. 2024","De Knijf et al. 2024","De Knijf et al. 2024","De Knijf et al. 2024","De Knijf et al. 2024","De Knijf et al. 2024","De Knijf et al. 2024"
"Onychogomphus costae","Dijkstra et al. 2020","Dijkstra et al. 2020; Suhling & Müller 1996","Dijkstra et al. 2020","Dijkstra et al. 2020","expert opinion De  Knijf","Brochard pers comm.","not relevant","not relevant","De Knijf et al. 2024","Wildermuth & Martens 2019","Billqvist et al. 2023 (northern species); Boudot & Kalkman 2015; Sparrow et al. 2021; Smallshire & Swash 2020; www.observation.org","Termaat et al. 2019","Termaat et al. 2019","Wildermuth & Martens 2019","Wildermuth & Martens 2019","literature information NA, but most likely same as other Onychogomphus species","expert opinion C. Brochard & G. De Knijf","De Knijf et al. 2024","De Knijf et al. 2024","De Knijf et al. 2024","De Knijf et al. 2024","De Knijf et al. 2024","De Knijf et al. 2024","De Knijf et al. 2024","De Knijf et al. 2024","De Knijf et al. 2024","De Knijf et al. 2024","De Knijf et al. 2024","De Knijf et al. 2024","De Knijf et al. 2024","De Knijf et al. 2024"
"Onychogomphus forcipatus","Dijkstra et al. 2020","Dijkstra et al. 2020; Suhling & Müller 1996","Dijkstra et al. 2020; Suhling & Müller 1996","Dijkstra et al. 2020","expert opinion De  Knijf","Brochard et al. 2012; Brochard pers comm.","not relevant","not relevant","De Knijf et al. 2024","Wildermuth & Martens 2019","Billqvist et al. 2023 (northern species); Boudot & Kalkman 2015; Sparrow et al. 2021; Smallshire & Swash 2020; www.observation.org","Termaat et al. 2019","Termaat et al. 2019","Wildermuth & Martens 2019","Wildermuth & Martens 2019","Wildermuth & Martens 2019","expert opinion C. Brochard & G. De Knijf","De Knijf et al. 2024","De Knijf et al. 2024","De Knijf et al. 2024","De Knijf et al. 2024","De Knijf et al. 2024","De Knijf et al. 2024","De Knijf et al. 2024","De Knijf et al. 2024","De Knijf et al. 2024","De Knijf et al. 2024","De Knijf et al. 2024","De Knijf et al. 2024","De Knijf et al. 2024","De Knijf et al. 2024"
"Onychogomphus uncatus","Dijkstra et al. 2020","Dijkstra et al. 2020","Dijkstra et al. 2020; Suhling & Müller 1996","Dijkstra et al. 2020","expert opinion De  Knijf","Brochard et al. 2012; Brochard pers comm.","not relevant","not relevant","De Knijf et al. 2024","Wildermuth & Martens 2019","Billqvist et al. 2023 (northern species); Boudot & Kalkman 2015; Sparrow et al. 2021; Smallshire & Swash 2020; www.observation.org","Termaat et al. 2019","Termaat et al. 2019","Wildermuth & Martens 2019","Wildermuth & Martens 2019","Wildermuth & Martens 2019","expert opinion C. Brochard & G. De Knijf","De Knijf et al. 2024","De Knijf et al. 2024","De Knijf et al. 2024","De Knijf et al. 2024","De Knijf et al. 2024","De Knijf et al. 2024","De Knijf et al. 2024","De Knijf et al. 2024","De Knijf et al. 2024","De Knijf et al. 2024","De Knijf et al. 2024","De Knijf et al. 2024","De Knijf et al. 2024","De Knijf et al. 2024"
"Ophiogomphus cecilia","Dijkstra et al. 2020","Dijkstra et al. 2020","Dijkstra et al. 2020","Dijkstra et al. 2020","expert opinion De  Knijf","Brochard et al. 2012; Brochard pers comm.","not relevant","not relevant","De Knijf et al. 2024","Wildermuth & Martens 2019","Billqvist et al. 2023 (northern species); Boudot & Kalkman 2015; Sparrow et al. 2021; Smallshire & Swash 2020; www.observation.org","Termaat et al. 2019","Termaat et al. 2019","Wildermuth & Martens 2019","Wildermuth & Martens 2019","Wildermuth & Martens 2019","expert opinion C. Brochard & G. De Knijf","De Knijf et al. 2024","De Knijf et al. 2024","De Knijf et al. 2024","De Knijf et al. 2024","De Knijf et al. 2024","De Knijf et al. 2024","De Knijf et al. 2024","De Knijf et al. 2024","De Knijf et al. 2024","De Knijf et al. 2024","De Knijf et al. 2024","De Knijf et al. 2024","De Knijf et al. 2024","De Knijf et al. 2024"
"Orthetrum albistylum","Dijkstra et al. 2020","Dijkstra et al. 2020","Dijkstra et al. 2020","Dijkstra et al. 2020","expert opinion De  Knijf","Brochard et al. 2012; Brochard pers comm.","not relevant","not relevant","De Knijf et al. 2024","Wildermuth & Martens 2019","Billqvist et al. 2023 (northern species); Boudot & Kalkman 2015; Sparrow et al. 2021; Smallshire & Swash 2020; www.observation.org","Termaat et al. 2019","Termaat et al. 2019","Wildermuth & Martens 2019","Wildermuth & Martens 2019","Wildermuth & Martens 2019","expert opinion C. Brochard & G. De Knijf","De Knijf et al. 2024","De Knijf et al. 2024","De Knijf et al. 2024","De Knijf et al. 2024","De Knijf et al. 2024","De Knijf et al. 2024","De Knijf et al. 2024","De Knijf et al. 2024","De Knijf et al. 2024","De Knijf et al. 2024","De Knijf et al. 2024","De Knijf et al. 2024","De Knijf et al. 2024","De Knijf et al. 2024"
"Orthetrum brunneum","Dijkstra et al. 2020","Dijkstra et al. 2020","Dijkstra et al. 2020","Dijkstra et al. 2020","expert opinion De  Knijf","Brochard et al. 2012; Brochard pers comm.","not relevant","not relevant","De Knijf et al. 2024","Wildermuth & Martens 2019","Billqvist et al. 2023 (northern species); Boudot & Kalkman 2015; Sparrow et al. 2021; Smallshire & Swash 2020; www.observation.org","Termaat et al. 2019","Termaat et al. 2019","Wildermuth & Martens 2019","Wildermuth & Martens 2019","Wildermuth & Martens 2019","expert opinion C. Brochard & G. De Knijf","De Knijf et al. 2024","De Knijf et al. 2024","De Knijf et al. 2024","De Knijf et al. 2024","De Knijf et al. 2024","De Knijf et al. 2024","De Knijf et al. 2024","De Knijf et al. 2024","De Knijf et al. 2024","De Knijf et al. 2024","De Knijf et al. 2024","De Knijf et al. 2024","De Knijf et al. 2024","De Knijf et al. 2024"
"Orthetrum cancellatum","Dijkstra et al. 2020","Dijkstra et al. 2020","Dijkstra et al. 2020","Dijkstra et al. 2020","expert opinion De  Knijf","Brochard et al. 2012; Brochard pers comm.","not relevant","not relevant","De Knijf et al. 2024","Wildermuth & Martens 2019","Billqvist et al. 2023 (northern species); Boudot & Kalkman 2015; Sparrow et al. 2021; Smallshire & Swash 2020; www.observation.org","Termaat et al. 2019","Termaat et al. 2019","Wildermuth & Martens 2019","Wildermuth & Martens 2019","Wildermuth & Martens 2019","expert opinion C. Brochard & G. De Knijf","De Knijf et al. 2024","De Knijf et al. 2024","De Knijf et al. 2024","De Knijf et al. 2024","De Knijf et al. 2024","De Knijf et al. 2024","De Knijf et al. 2024","De Knijf et al. 2024","De Knijf et al. 2024","De Knijf et al. 2024","De Knijf et al. 2024","De Knijf et al. 2024","De Knijf et al. 2024","De Knijf et al. 2024"
"Orthetrum chrysostigma","Dijkstra et al. 2020","Dijkstra et al. 2020","Dijkstra et al. 2020","Dijkstra et al. 2020","expert opinion De  Knijf","Brochard pers comm.","not relevant","not relevant","De Knijf et al. 2024","Wildermuth & Martens 2019","Billqvist et al. 2023 (northern species); Boudot & Kalkman 2015; Sparrow et al. 2021; Smallshire & Swash 2020; www.observation.org","Termaat et al. 2019","Termaat et al. 2019","Wildermuth & Martens 2019","Wildermuth & Martens 2019","Wildermuth & Martens 2019","expert opinion C. Brochard & G. De Knijf","De Knijf et al. 2024","De Knijf et al. 2024","De Knijf et al. 2024","De Knijf et al. 2024","De Knijf et al. 2024","De Knijf et al. 2024","De Knijf et al. 2024","De Knijf et al. 2024","De Knijf et al. 2024","De Knijf et al. 2024","De Knijf et al. 2024","De Knijf et al. 2024","De Knijf et al. 2024","De Knijf et al. 2024"
"Orthetrum coerulescens","Dijkstra et al. 2020","Dijkstra et al. 2020","Dijkstra et al. 2020","Dijkstra et al. 2020","expert opinion De  Knijf","Brochard et al. 2012; Brochard pers comm.","not relevant","not relevant","De Knijf et al. 2024","Wildermuth & Martens 2019","Billqvist et al. 2023 (northern species); Boudot & Kalkman 2015; Sparrow et al. 2021; Smallshire & Swash 2020; www.observation.org","Termaat et al. 2019","Termaat et al. 2019","Wildermuth & Martens 2019","Wildermuth & Martens 2019","Wildermuth & Martens 2019","expert opinion C. Brochard & G. De Knijf","De Knijf et al. 2024","De Knijf et al. 2024","De Knijf et al. 2024","De Knijf et al. 2024","De Knijf et al. 2024","De Knijf et al. 2024","De Knijf et al. 2024","De Knijf et al. 2024","De Knijf et al. 2024","De Knijf et al. 2024","De Knijf et al. 2024","De Knijf et al. 2024","De Knijf et al. 2024","De Knijf et al. 2024"
"Orthetrum nitidinerve","Dijkstra et al. 2020","Dijkstra et al. 2020","Dijkstra et al. 2020","Dijkstra et al. 2020","expert opinion De  Knijf","Brochard pers comm.","not relevant","not relevant","De Knijf et al. 2024","Wildermuth & Martens 2019","Billqvist et al. 2023 (northern species); Boudot & Kalkman 2015; Sparrow et al. 2021; Smallshire & Swash 2020; www.observation.org","Termaat et al. 2019","Termaat et al. 2019","literature information NA, but most likely same as Orthetrum brunneum in the Mediterranean","Wildermuth & Martens 2019","Wildermuth & Martens 2019","expert opinion C. Brochard & G. De Knijf","De Knijf et al. 2024","De Knijf et al. 2024","De Knijf et al. 2024","De Knijf et al. 2024","De Knijf et al. 2024","De Knijf et al. 2024","De Knijf et al. 2024","De Knijf et al. 2024","De Knijf et al. 2024","De Knijf et al. 2024","De Knijf et al. 2024","De Knijf et al. 2024","De Knijf et al. 2024","De Knijf et al. 2024"
"Orthetrum ransonnetii","Dijkstra et al. 2020","Dijkstra et al. 2020","Dijkstra et al. 2020","Dijkstra et al. 2020","expert opinion De  Knijf","NA","not relevant","not relevant","Boudot et al. 2021; De Knijf et al. 2024","Wildermuth & Martens 2019","Billqvist et al. 2023 (northern species); Boudot & Kalkman 2015; Sparrow et al. 2021; Smallshire & Swash 2020; www.observation.org","Termaat et al. 2019","Termaat et al. 2019","NA","literature information NA, but most likely same as other Orthetrum species","literature information NA, but most likely same as other Orthetrum species","expert opinion C. Brochard & G. De Knijf","De Knijf et al. 2024","De Knijf et al. 2024","De Knijf et al. 2024","De Knijf et al. 2024","De Knijf et al. 2024","De Knijf et al. 2024","De Knijf et al. 2024","De Knijf et al. 2024","De Knijf et al. 2024","De Knijf et al. 2024","De Knijf et al. 2024","De Knijf et al. 2024","De Knijf et al. 2024","De Knijf et al. 2024"
"Orthetrum sabina","Dijkstra et al. 2020","Dijkstra et al. 2020","Dijkstra et al. 2020","Dijkstra et al. 2020","expert opinion De  Knijf","Brochard pers comm.","not relevant","not relevant","De Knijf et al. 2024","Wildermuth & Martens 2019","Billqvist et al. 2023 (northern species); Boudot & Kalkman 2015; Sparrow et al. 2021; Smallshire & Swash 2020; www.observation.org","Termaat et al. 2019","Termaat et al. 2019","Wildermuth & Martens 2019","Wildermuth & Martens 2019","Wildermuth & Martens 2019","expert opinion C. Brochard & G. De Knijf","De Knijf et al. 2024","De Knijf et al. 2024","De Knijf et al. 2024","De Knijf et al. 2024","De Knijf et al. 2024","De Knijf et al. 2024","De Knijf et al. 2024","De Knijf et al. 2024","De Knijf et al. 2024","De Knijf et al. 2024","De Knijf et al. 2024","De Knijf et al. 2024","De Knijf et al. 2024","De Knijf et al. 2024"
"Orthetrum taeniolatum","Dijkstra et al. 2020","Dijkstra et al. 2020","Dijkstra et al. 2020","Dijkstra et al. 2020","expert opinion De  Knijf","Brochard pers comm.","not relevant","not relevant","De Knijf et al. 2024","Wildermuth & Martens 2019","Billqvist et al. 2023 (northern species); Boudot & Kalkman 2015; Sparrow et al. 2021; Smallshire & Swash 2020; www.observation.org","Termaat et al. 2019","Termaat et al. 2019","Wildermuth & Martens 2019","Wildermuth & Martens 2019","Wildermuth & Martens 2019","expert opinion C. Brochard & G. De Knijf","De Knijf et al. 2024","De Knijf et al. 2024","De Knijf et al. 2024","De Knijf et al. 2024","De Knijf et al. 2024","De Knijf et al. 2024","De Knijf et al. 2024","De Knijf et al. 2024","De Knijf et al. 2024","De Knijf et al. 2024","De Knijf et al. 2024","De Knijf et al. 2024","De Knijf et al. 2024","De Knijf et al. 2024"
"Orthetrum trinacria","Dijkstra et al. 2020","Dijkstra et al. 2020","Dijkstra et al. 2020","Dijkstra et al. 2020","expert opinion De  Knijf","Brochard pers comm.","not relevant","not relevant","De Knijf et al. 2024","Wildermuth & Martens 2019","Billqvist et al. 2023 (northern species); Boudot & Kalkman 2015; Sparrow et al. 2021; Smallshire & Swash 2020; www.observation.org","Termaat et al. 2019","Termaat et al. 2019","Wildermuth & Martens 2019","Wildermuth & Martens 2019","Wildermuth & Martens 2019","expert opinion C. Brochard & G. De Knijf","De Knijf et al. 2024","De Knijf et al. 2024","De Knijf et al. 2024","De Knijf et al. 2024","De Knijf et al. 2024","De Knijf et al. 2024","De Knijf et al. 2024","De Knijf et al. 2024","De Knijf et al. 2024","De Knijf et al. 2024","De Knijf et al. 2024","De Knijf et al. 2024","De Knijf et al. 2024","De Knijf et al. 2024"
"Oxygastra curtisii","Dijkstra et al. 2020","Dijkstra et al. 2020","Dijkstra et al. 2020","Dijkstra et al. 2020","expert opinion De  Knijf","Brochard et al. 2012; Brochard pers comm.","not relevant","not relevant","De Knijf et al. 2024","Wildermuth & Martens 2019","Billqvist et al. 2023 (northern species); Boudot & Kalkman 2015; Sparrow et al. 2021; Smallshire & Swash 2020; www.observation.org","Termaat et al. 2019","Termaat et al. 2019","Wildermuth & Martens 2019","Wildermuth & Martens 2019","Wildermuth & Martens 2019","expert opinion C. Brochard & G. De Knijf","De Knijf et al. 2024","De Knijf et al. 2024","De Knijf et al. 2024","De Knijf et al. 2024","De Knijf et al. 2024","De Knijf et al. 2024","De Knijf et al. 2024","De Knijf et al. 2024","De Knijf et al. 2024","De Knijf et al. 2024","De Knijf et al. 2024","De Knijf et al. 2024","De Knijf et al. 2024","De Knijf et al. 2024"
"Pantala flavescens","Dijkstra et al. 2020","Dijkstra et al. 2020","Dijkstra et al. 2020","Dijkstra et al. 2020","expert opinion De  Knijf","NA","not relevant","not relevant","De Knijf et al. 2024","Wildermuth & Martens 2019","Billqvist et al. 2023 (northern species); Boudot & Kalkman 2015; Sparrow et al. 2021; Smallshire & Swash 2020; www.observation.org","Termaat et al. 2019","Termaat et al. 2019","Wildermuth & Martens 2019","NA","Wildermuth & Martens 2019","expert opinion C. Brochard & G. De Knijf","De Knijf et al. 2024","De Knijf et al. 2024","De Knijf et al. 2024","De Knijf et al. 2024","De Knijf et al. 2024","De Knijf et al. 2024","De Knijf et al. 2024","De Knijf et al. 2024","De Knijf et al. 2024","De Knijf et al. 2024","De Knijf et al. 2024","De Knijf et al. 2024","De Knijf et al. 2024","De Knijf et al. 2024"
"Paragomphus genei","Dijkstra et al. 2020","Dijkstra et al. 2020","Dijkstra et al. 2020","Dijkstra et al. 2020","expert opinion De  Knijf","Brochard pers comm.","not relevant","not relevant","De Knijf et al. 2024","Wildermuth & Martens 2019","Billqvist et al. 2023 (northern species); Boudot & Kalkman 2015; Sparrow et al. 2021; Smallshire & Swash 2020; www.observation.org","Termaat et al. 2019","Termaat et al. 2019","Wildermuth & Martens 2019","Wildermuth & Martens 2019","Wildermuth & Martens 2019","expert opinion C. Brochard & G. De Knijf","De Knijf et al. 2024","De Knijf et al. 2024","De Knijf et al. 2024","De Knijf et al. 2024","De Knijf et al. 2024","De Knijf et al. 2024","De Knijf et al. 2024","De Knijf et al. 2024","De Knijf et al. 2024","De Knijf et al. 2024","De Knijf et al. 2024","De Knijf et al. 2024","De Knijf et al. 2024","De Knijf et al. 2024"
"Platycnemis acutipennis","Dijkstra et al. 2020","Dijkstra et al. 2020","Dijkstra et al. 2020","Dijkstra et al. 2020","expert opinion De  Knijf","Brochard pers comm.","Brochard pers comm.","Brochard pers comm.","De Knijf et al. 2024","Wildermuth & Martens 2019","Billqvist et al. 2023 (northern species); Boudot & Kalkman 2015; Sparrow et al. 2021; Smallshire & Swash 2020; www.observation.org","Termaat et al. 2019","Termaat et al. 2019","Wildermuth & Martens 2019","Wildermuth & Martens 2019","Wildermuth & Martens 2019","expert opinion C. Brochard & G. De Knijf","De Knijf et al. 2024","De Knijf et al. 2024","De Knijf et al. 2024","De Knijf et al. 2024","De Knijf et al. 2024","De Knijf et al. 2024","De Knijf et al. 2024","De Knijf et al. 2024","De Knijf et al. 2024","De Knijf et al. 2024","De Knijf et al. 2024","De Knijf et al. 2024","De Knijf et al. 2024","De Knijf et al. 2024"
"Platycnemis latipes","Dijkstra et al. 2020","Dijkstra et al. 2020","Dijkstra et al. 2020","Dijkstra et al. 2020","expert opinion De  Knijf","Brochard pers comm.","Brochard pers comm.","Brochard pers comm.","De Knijf et al. 2024","Wildermuth & Martens 2019","Billqvist et al. 2023 (northern species); Boudot & Kalkman 2015; Sparrow et al. 2021; Smallshire & Swash 2020; www.observation.org","Termaat et al. 2019","Termaat et al. 2019","Wildermuth & Martens 2019","Wildermuth & Martens 2019","Wildermuth & Martens 2019","expert opinion C. Brochard & G. De Knijf","De Knijf et al. 2024","De Knijf et al. 2024","De Knijf et al. 2024","De Knijf et al. 2024","De Knijf et al. 2024","De Knijf et al. 2024","De Knijf et al. 2024","De Knijf et al. 2024","De Knijf et al. 2024","De Knijf et al. 2024","De Knijf et al. 2024","De Knijf et al. 2024","De Knijf et al. 2024","De Knijf et al. 2024"
"Platycnemis pennipes","Dijkstra et al. 2020","Dijkstra et al. 2020","Dijkstra et al. 2020","Dijkstra et al. 2020","expert opinion De  Knijf","Brochard et al. 2012; Brochard pers comm.","Brochard et al. 2012; Brochard pers comm.","Brochard et al. 2012; Brochard pers comm.","De Knijf et al. 2024","Wildermuth & Martens 2019","Billqvist et al. 2023 (northern species); Boudot & Kalkman 2015; Sparrow et al. 2021; Smallshire & Swash 2020; www.observation.org","Termaat et al. 2019","Termaat et al. 2019","Wildermuth & Martens 2019","Wildermuth & Martens 2019","Wildermuth & Martens 2019","expert opinion C. Brochard & G. De Knijf","De Knijf et al. 2024","De Knijf et al. 2024","De Knijf et al. 2024","De Knijf et al. 2024","De Knijf et al. 2024","De Knijf et al. 2024","De Knijf et al. 2024","De Knijf et al. 2024","De Knijf et al. 2024","De Knijf et al. 2024","De Knijf et al. 2024","De Knijf et al. 2024","De Knijf et al. 2024","De Knijf et al. 2024"
"Platycnemis subdilatata","Dijkstra et al. 2020","Dijkstra et al. 2020","Dijkstra et al. 2020","Dijkstra et al. 2020","expert opinion De  Knijf","NA","NA","NA","De Knijf et al. 2024","Wildermuth & Martens 2019","Billqvist et al. 2023 (northern species); Boudot & Kalkman 2015; Sparrow et al. 2021; Smallshire & Swash 2020; www.observation.org","Termaat et al. 2019","Termaat et al. 2019","literature information NA, but most likely same as congeners P. latipes and P. acutipennis","literature information NA, but most likely same as congeners P. latipes and P. acutipennis","literature information NA, but most likely same as congeners P. latipes and P. acutipennis","expert opinion C. Brochard & G. De Knijf","De Knijf et al. 2024","De Knijf et al. 2024","De Knijf et al. 2024","De Knijf et al. 2024","De Knijf et al. 2024","De Knijf et al. 2024","De Knijf et al. 2024","De Knijf et al. 2024","De Knijf et al. 2024","De Knijf et al. 2024","De Knijf et al. 2024","De Knijf et al. 2024","De Knijf et al. 2024","De Knijf et al. 2024"
"Pyrrhosoma elisabethae","Dijkstra et al. 2020","Dijkstra et al. 2020","Dijkstra et al. 2020","Dijkstra et al. 2020","expert opinion De  Knijf","Brochard pers comm.","NA","NA","De Knijf et al. 2024","Wildermuth & Martens 2019","Billqvist et al. 2023 (northern species); Boudot & Kalkman 2015; Sparrow et al. 2021; Smallshire & Swash 2020; www.observation.org","Termaat et al. 2019","Termaat et al. 2019","Wildermuth & Martens 2019","Wildermuth & Martens 2019","Wildermuth & Martens 2019","expert opinion C. Brochard & G. De Knijf","De Knijf et al. 2024","De Knijf et al. 2024","De Knijf et al. 2024","De Knijf et al. 2024","De Knijf et al. 2024","De Knijf et al. 2024","De Knijf et al. 2024","De Knijf et al. 2024","De Knijf et al. 2024","De Knijf et al. 2024","De Knijf et al. 2024","De Knijf et al. 2024","De Knijf et al. 2024","De Knijf et al. 2024"
"Pyrrhosoma nymphula","Dijkstra et al. 2020","Dijkstra et al. 2020","Dijkstra et al. 2020","Dijkstra et al. 2020","expert opinion De  Knijf","Brochard et al. 2012; Brochard pers comm.","Brochard et al. 2012; Brochard pers comm.","Brochard et al. 2012; Brochard pers comm.","De Knijf et al. 2024","Wildermuth & Martens 2019","Billqvist et al. 2023 (northern species); Boudot & Kalkman 2015; Sparrow et al. 2021; Smallshire & Swash 2020; www.observation.org","Termaat et al. 2019","Termaat et al. 2019","Wildermuth & Martens 2019","Wildermuth & Martens 2019","Wildermuth & Martens 2019","expert opinion C. Brochard & G. De Knijf","De Knijf et al. 2024","De Knijf et al. 2024","De Knijf et al. 2024","De Knijf et al. 2024","De Knijf et al. 2024","De Knijf et al. 2024","De Knijf et al. 2024","De Knijf et al. 2024","De Knijf et al. 2024","De Knijf et al. 2024","De Knijf et al. 2024","De Knijf et al. 2024","De Knijf et al. 2024","De Knijf et al. 2024"
"Selysiothemis nigra","Dijkstra et al. 2020","Dijkstra et al. 2020","Dijkstra et al. 2020","Dijkstra et al. 2020","expert opinion De  Knijf","Brochard pers comm.","not relevant","not relevant","De Knijf et al. 2024","Wildermuth & Martens 2019","Billqvist et al. 2023 (northern species); Boudot & Kalkman 2015; Sparrow et al. 2021; Smallshire & Swash 2020; www.observation.org","Termaat et al. 2019","Termaat et al. 2019","NA","NA","NA","expert opinion C. Brochard & G. De Knijf","De Knijf et al. 2024","De Knijf et al. 2024","De Knijf et al. 2024","De Knijf et al. 2024","De Knijf et al. 2024","De Knijf et al. 2024","De Knijf et al. 2024","De Knijf et al. 2024","De Knijf et al. 2024","De Knijf et al. 2024","De Knijf et al. 2024","De Knijf et al. 2024","De Knijf et al. 2024","De Knijf et al. 2024"
"Somatochlora alpestris","Dijkstra et al. 2020","Dijkstra et al. 2020","Dijkstra et al. 2020","Dijkstra et al. 2020","expert opinion De  Knijf","Brochard et al. 2012; Brochard pers comm.","not relevant","not relevant","De Knijf et al. 2024","Wildermuth & Martens 2019","Billqvist et al. 2023 (northern species); Boudot & Kalkman 2015; Sparrow et al. 2021; Smallshire & Swash 2020; www.observation.org","Termaat et al. 2019","Termaat et al. 2019","Wildermuth & Martens 2019","Wildermuth & Martens 2019","Wildermuth & Martens 2019","expert opinion C. Brochard & G. De Knijf","De Knijf et al. 2024","De Knijf et al. 2024","De Knijf et al. 2024","De Knijf et al. 2024","De Knijf et al. 2024","De Knijf et al. 2024","De Knijf et al. 2024","De Knijf et al. 2024","De Knijf et al. 2024","De Knijf et al. 2024","De Knijf et al. 2024","De Knijf et al. 2024","De Knijf et al. 2024","De Knijf et al. 2024"
"Somatochlora arctica","Dijkstra et al. 2020","Dijkstra et al. 2020","Dijkstra et al. 2020","Dijkstra et al. 2020","expert opinion De  Knijf","Brochard et al. 2012; Brochard pers comm.","not relevant","not relevant","De Knijf et al. 2024","Wildermuth & Martens 2019","Billqvist et al. 2023 (northern species); Boudot & Kalkman 2015; Sparrow et al. 2021; Smallshire & Swash 2020; www.observation.org","Termaat et al. 2019","Termaat et al. 2019","Wildermuth & Martens 2019","Wildermuth & Martens 2019","Wildermuth & Martens 2019","expert opinion C. Brochard & G. De Knijf","De Knijf et al. 2024","De Knijf et al. 2024","De Knijf et al. 2024","De Knijf et al. 2024","De Knijf et al. 2024","De Knijf et al. 2024","De Knijf et al. 2024","De Knijf et al. 2024","De Knijf et al. 2024","De Knijf et al. 2024","De Knijf et al. 2024","De Knijf et al. 2024","De Knijf et al. 2024","De Knijf et al. 2024"
"Somatochlora borisi","Dijkstra et al. 2020","Dijkstra et al. 2020","Dijkstra et al. 2020","Dijkstra et al. 2020","expert opinion De  Knijf","Brochard pers comm.","not relevant","not relevant","De Knijf et al. 2024","Wildermuth & Martens 2019","Billqvist et al. 2023 (northern species); Boudot & Kalkman 2015; Sparrow et al. 2021; Smallshire & Swash 2020; www.observation.org","Termaat et al. 2019","Termaat et al. 2019","literature information NA, but most likely same as other Somatochlora species","literature information NA, but most likely same as other Somatochlora species","Wildermuth & Martens 2019","expert opinion C. Brochard & G. De Knijf","De Knijf et al. 2024","De Knijf et al. 2024","De Knijf et al. 2024","De Knijf et al. 2024","De Knijf et al. 2024","De Knijf et al. 2024","De Knijf et al. 2024","De Knijf et al. 2024","De Knijf et al. 2024","De Knijf et al. 2024","De Knijf et al. 2024","De Knijf et al. 2024","De Knijf et al. 2024","De Knijf et al. 2024"
"Somatochlora flavomaculata","Dijkstra et al. 2020","Dijkstra et al. 2020","Dijkstra et al. 2020","Dijkstra et al. 2020","expert opinion De  Knijf","Brochard et al. 2012; Brochard pers comm.","not relevant","not relevant","De Knijf et al. 2024","Wildermuth & Martens 2019","Billqvist et al. 2023 (northern species); Boudot & Kalkman 2015; Sparrow et al. 2021; Smallshire & Swash 2020; www.observation.org","Termaat et al. 2019","Termaat et al. 2019","Wildermuth & Martens 2019","Wildermuth & Martens 2019","Wildermuth & Martens 2019","expert opinion C. Brochard & G. De Knijf","De Knijf et al. 2024","De Knijf et al. 2024","De Knijf et al. 2024","De Knijf et al. 2024","De Knijf et al. 2024","De Knijf et al. 2024","De Knijf et al. 2024","De Knijf et al. 2024","De Knijf et al. 2024","De Knijf et al. 2024","De Knijf et al. 2024","De Knijf et al. 2024","De Knijf et al. 2024","De Knijf et al. 2024"
"Somatochlora graeseri","Wildermuth & Martens 2019","NA","NA","Dijkstra et al. 2020","expert opinion De  Knijf","NA","not relevant","not relevant","De Knijf et al. 2024","Wildermuth & Martens 2019","Billqvist et al. 2023 (northern species); Boudot & Kalkman 2015; Sparrow et al. 2021; Smallshire & Swash 2020; www.observation.org","Termaat et al. 2019","Termaat et al. 2019","Wildermuth & Martens 2019","literature information NA, but most likely same as other Somatochlora species","literature information NA, but most likely same as other Somatochlora species","expert opinion C. Brochard & G. De Knijf","De Knijf et al. 2024","De Knijf et al. 2024","De Knijf et al. 2024","De Knijf et al. 2024","De Knijf et al. 2024","De Knijf et al. 2024","De Knijf et al. 2024","De Knijf et al. 2024","De Knijf et al. 2024","De Knijf et al. 2024","De Knijf et al. 2024","De Knijf et al. 2024","De Knijf et al. 2024","De Knijf et al. 2024"
"Somatochlora meridionalis","Dijkstra et al. 2020","Dijkstra et al. 2020","Dijkstra et al. 2020","Dijkstra et al. 2020","expert opinion De  Knijf","Brochard pers comm.","not relevant","not relevant","De Knijf et al. 2024","Wildermuth & Martens 2019","Billqvist et al. 2023 (northern species); Boudot & Kalkman 2015; Sparrow et al. 2021; Smallshire & Swash 2020; www.observation.org","Termaat et al. 2019","Termaat et al. 2019","literature information NA, but most likely same as other Somatochlora species","literature information NA, but most likely same as other Somatochlora species","Wildermuth & Martens 2019","expert opinion C. Brochard & G. De Knijf","De Knijf et al. 2024","De Knijf et al. 2024","De Knijf et al. 2024","De Knijf et al. 2024","De Knijf et al. 2024","De Knijf et al. 2024","De Knijf et al. 2024","De Knijf et al. 2024","De Knijf et al. 2024","De Knijf et al. 2024","De Knijf et al. 2024","De Knijf et al. 2024","De Knijf et al. 2024","De Knijf et al. 2024"
"Somatochlora met allica","Dijkstra et al. 2020","Dijkstra et al. 2020","Dijkstra et al. 2020","Dijkstra et al. 2020","expert opinion De  Knijf","Brochard et al. 2012; Brochard pers comm.","not relevant","not relevant","De Knijf et al. 2024","Wildermuth & Martens 2019","Billqvist et al. 2023 (northern species); Boudot & Kalkman 2015; Sparrow et al. 2021; Smallshire & Swash 2020; www.observation.org","Termaat et al. 2019","Termaat et al. 2019","Wildermuth & Martens 2019","Wildermuth & Martens 2019","Wildermuth & Martens 2019","expert opinion C. Brochard & G. De Knijf","De Knijf et al. 2024","De Knijf et al. 2024","De Knijf et al. 2024","De Knijf et al. 2024","De Knijf et al. 2024","De Knijf et al. 2024","De Knijf et al. 2024","De Knijf et al. 2024","De Knijf et al. 2024","De Knijf et al. 2024","De Knijf et al. 2024","De Knijf et al. 2024","De Knijf et al. 2024","De Knijf et al. 2024"
"Somatochlora sahlbergi","Dijkstra et al. 2020","Dijkstra et al. 2020","Dijkstra et al. 2020","Dijkstra et al. 2020","expert opinion De  Knijf","Brochard pers comm.","not relevant","not relevant","De Knijf et al. 2024","Wildermuth & Martens 2019","Billqvist et al. 2023 (northern species); Boudot & Kalkman 2015; Sparrow et al. 2021; Smallshire & Swash 2020; www.observation.org","Termaat et al. 2019","Termaat et al. 2019","Wildermuth & Martens 2019","literature information NA, but most likely same as other Somatochlora species","literature information NA, but most likely same as other Somatochlora species","expert opinion C. Brochard & G. De Knijf","De Knijf et al. 2024","De Knijf et al. 2024","De Knijf et al. 2024","De Knijf et al. 2024","De Knijf et al. 2024","De Knijf et al. 2024","De Knijf et al. 2024","De Knijf et al. 2024","De Knijf et al. 2024","De Knijf et al. 2024","De Knijf et al. 2024","De Knijf et al. 2024","De Knijf et al. 2024","De Knijf et al. 2024"
"Stylurus flavipes","Dijkstra et al. 2020","Dijkstra et al. 2020","Dijkstra et al. 2020; Wildermuth & Martens 2019","Dijkstra et al. 2020","expert opinion De  Knijf","Brochard et al. 2012; Brochard pers comm.","not relevant","not relevant","De Knijf et al. 2024","Wildermuth & Martens 2019","Billqvist et al. 2023 (northern species); Boudot & Kalkman 2015; Sparrow et al. 2021; Smallshire & Swash 2020; www.observation.org","Termaat et al. 2019","Termaat et al. 2019","Wildermuth & Martens 2019","Wildermuth & Martens 2019","Wildermuth & Martens 2019","expert opinion C. Brochard & G. De Knijf","De Knijf et al. 2024","De Knijf et al. 2024","De Knijf et al. 2024","De Knijf et al. 2024","De Knijf et al. 2024","De Knijf et al. 2024","De Knijf et al. 2024","De Knijf et al. 2024","De Knijf et al. 2024","De Knijf et al. 2024","De Knijf et al. 2024","De Knijf et al. 2024","De Knijf et al. 2024","De Knijf et al. 2024"
"Sympecma fusca","Dijkstra et al. 2020","Dijkstra et al. 2020","Dijkstra et al. 2020","Dijkstra et al. 2020","expert opinion De  Knijf","Brochard et al. 2012; Brochard pers comm.","Brochard et al. 2012; Brochard pers comm.","Brochard et al. 2012; Brochard pers comm.","De Knijf et al. 2024","Wildermuth & Martens 2019","Billqvist et al. 2023 (northern species); Boudot & Kalkman 2015; Sparrow et al. 2021; Smallshire & Swash 2020; www.observation.org","Termaat et al. 2019","Termaat et al. 2019","Wildermuth & Martens 2019","Wildermuth & Martens 2019","Wildermuth & Martens 2019","expert opinion C. Brochard & G. De Knijf","De Knijf et al. 2024","De Knijf et al. 2024","De Knijf et al. 2024","De Knijf et al. 2024","De Knijf et al. 2024","De Knijf et al. 2024","De Knijf et al. 2024","De Knijf et al. 2024","De Knijf et al. 2024","De Knijf et al. 2024","De Knijf et al. 2024","De Knijf et al. 2024","De Knijf et al. 2024","De Knijf et al. 2024"
"Sympecma paedisca","Dijkstra et al. 2020","Dijkstra et al. 2020","Dijkstra et al. 2020","Dijkstra et al. 2020","expert opinion De  Knijf","Brochard et al. 2012; Brochard pers comm.","Brochard et al. 2012; Brochard pers comm.","Brochard et al. 2012; Brochard pers comm.","De Knijf et al. 2024","Wildermuth & Martens 2019","Billqvist et al. 2023 (northern species); Boudot & Kalkman 2015; Sparrow et al. 2021; Smallshire & Swash 2020; www.observation.org","Termaat et al. 2019","Termaat et al. 2019","Wildermuth & Martens 2019","Wildermuth & Martens 2019","Wildermuth & Martens 2019","expert opinion C. Brochard & G. De Knijf","De Knijf et al. 2024","De Knijf et al. 2024","De Knijf et al. 2024","De Knijf et al. 2024","De Knijf et al. 2024","De Knijf et al. 2024","De Knijf et al. 2024","De Knijf et al. 2024","De Knijf et al. 2024","De Knijf et al. 2024","De Knijf et al. 2024","De Knijf et al. 2024","De Knijf et al. 2024","De Knijf et al. 2024"
"Sympetrum danae","Dijkstra et al. 2020","Dijkstra et al. 2020","Dijkstra et al. 2020","Dijkstra et al. 2020","expert opinion De  Knijf","Brochard et al. 2012; Brochard pers comm.","not relevant","not relevant","De Knijf et al. 2024","Wildermuth & Martens 2019","Billqvist et al. 2023 (northern species); Boudot & Kalkman 2015; Sparrow et al. 2021; Smallshire & Swash 2020; www.observation.org","Termaat et al. 2019","Termaat et al. 2019","Wildermuth & Martens 2019","Wildermuth & Martens 2019","Wildermuth & Martens 2019","expert opinion C. Brochard & G. De Knijf","De Knijf et al. 2024","De Knijf et al. 2024","De Knijf et al. 2024","De Knijf et al. 2024","De Knijf et al. 2024","De Knijf et al. 2024","De Knijf et al. 2024","De Knijf et al. 2024","De Knijf et al. 2024","De Knijf et al. 2024","De Knijf et al. 2024","De Knijf et al. 2024","De Knijf et al. 2024","De Knijf et al. 2024"
"Sympetrum depressiusculum","Dijkstra et al. 2020","Dijkstra et al. 2020","Dijkstra et al. 2020","Dijkstra et al. 2020","expert opinion De  Knijf","Brochard et al. 2012; Brochard pers comm.","not relevant","not relevant","De Knijf et al. 2024","Wildermuth & Martens 2019","Billqvist et al. 2023 (northern species); Boudot & Kalkman 2015; Sparrow et al. 2021; Smallshire & Swash 2020; www.observation.org","Termaat et al. 2019","Termaat et al. 2019","Wildermuth & Martens 2019","Wildermuth & Martens 2019","Wildermuth & Martens 2019","expert opinion C. Brochard & G. De Knijf","De Knijf et al. 2024","De Knijf et al. 2024","De Knijf et al. 2024","De Knijf et al. 2024","De Knijf et al. 2024","De Knijf et al. 2024","De Knijf et al. 2024","De Knijf et al. 2024","De Knijf et al. 2024","De Knijf et al. 2024","De Knijf et al. 2024","De Knijf et al. 2024","De Knijf et al. 2024","De Knijf et al. 2024"
"Sympetrum flaveolum","Dijkstra et al. 2020","Dijkstra et al. 2020","Dijkstra et al. 2020","Dijkstra et al. 2020","expert opinion De  Knijf","Brochard et al. 2012; Brochard pers comm.","not relevant","not relevant","De Knijf et al. 2024","Wildermuth & Martens 2019","Billqvist et al. 2023 (northern species); Boudot & Kalkman 2015; Sparrow et al. 2021; Smallshire & Swash 2020; www.observation.org","Termaat et al. 2019","Termaat et al. 2019","Wildermuth & Martens 2019","Wildermuth & Martens 2019","Wildermuth & Martens 2019","expert opinion C. Brochard & G. De Knijf","De Knijf et al. 2024","De Knijf et al. 2024","De Knijf et al. 2024","De Knijf et al. 2024","De Knijf et al. 2024","De Knijf et al. 2024","De Knijf et al. 2024","De Knijf et al. 2024","De Knijf et al. 2024","De Knijf et al. 2024","De Knijf et al. 2024","De Knijf et al. 2024","De Knijf et al. 2024","De Knijf et al. 2024"
"Sympetrum fonscolombii","Dijkstra et al. 2020","Dijkstra et al. 2020","Dijkstra et al. 2020","Dijkstra et al. 2020","expert opinion De  Knijf","Brochard et al. 2012; Brochard pers comm.","not relevant","not relevant","De Knijf et al. 2024","Wildermuth & Martens 2019","Billqvist et al. 2023 (northern species); Boudot & Kalkman 2015; Sparrow et al. 2021; Smallshire & Swash 2020; www.observation.org","Termaat et al. 2019","Termaat et al. 2019","Sternberg & Buchwald 2000","Wildermuth & Martens 2019","Wildermuth & Martens 2019","expert opinion C. Brochard & G. De Knijf","De Knijf et al. 2024","De Knijf et al. 2024","De Knijf et al. 2024","De Knijf et al. 2024","De Knijf et al. 2024","De Knijf et al. 2024","De Knijf et al. 2024","De Knijf et al. 2024","De Knijf et al. 2024","De Knijf et al. 2024","De Knijf et al. 2024","De Knijf et al. 2024","De Knijf et al. 2024","De Knijf et al. 2024"
"Sympetrum meridionale","Dijkstra et al. 2020","Dijkstra et al. 2020","Dijkstra et al. 2020","Dijkstra et al. 2020","expert opinion De  Knijf","Brochard et al. 2012; Brochard pers comm.","not relevant","not relevant","De Knijf et al. 2024","Wildermuth & Martens 2019","Billqvist et al. 2023 (northern species); Boudot & Kalkman 2015; Sparrow et al. 2021; Smallshire & Swash 2020; www.observation.org","Termaat et al. 2019","Termaat et al. 2019","Wildermuth & Martens 2019","Wildermuth & Martens 2019","Wildermuth & Martens 2019","expert opinion C. Brochard & G. De Knijf","De Knijf et al. 2024","De Knijf et al. 2024","De Knijf et al. 2024","De Knijf et al. 2024","De Knijf et al. 2024","De Knijf et al. 2024","De Knijf et al. 2024","De Knijf et al. 2024","De Knijf et al. 2024","De Knijf et al. 2024","De Knijf et al. 2024","De Knijf et al. 2024","De Knijf et al. 2024","De Knijf et al. 2024"
"Sympetrum nigrifemur","Dijkstra et al. 2020","Dijkstra et al. 2020","Dijkstra et al. 2020","Dijkstra et al. 2020","expert opinion De  Knijf","Brochard pers comm.","not relevant","not relevant","De Knijf et al. 2024","Wildermuth & Martens 2019","Billqvist et al. 2023 (northern species); Boudot & Kalkman 2015; Sparrow et al. 2021; Smallshire & Swash 2020; www.observation.org","Termaat et al. 2019","Termaat et al. 2019","Wildermuth & Martens 2019","Wildermuth & Martens 2019","Wildermuth & Martens 2019","expert opinion C. Brochard & G. De Knijf","De Knijf et al. 2024","De Knijf et al. 2024","De Knijf et al. 2024","De Knijf et al. 2024","De Knijf et al. 2024","De Knijf et al. 2024","De Knijf et al. 2024","De Knijf et al. 2024","De Knijf et al. 2024","De Knijf et al. 2024","De Knijf et al. 2024","De Knijf et al. 2024","De Knijf et al. 2024","De Knijf et al. 2024"
"Sympetrum pedemontanum","Dijkstra et al. 2020","Dijkstra et al. 2020","Dijkstra et al. 2020","Dijkstra et al. 2020","expert opinion De  Knijf","Brochard et al. 2012; Brochard pers comm.","not relevant","not relevant","De Knijf et al. 2024","Wildermuth & Martens 2019","Billqvist et al. 2023 (northern species); Boudot & Kalkman 2015; Sparrow et al. 2021; Smallshire & Swash 2020; www.observation.org","Termaat et al. 2019","Termaat et al. 2019","Wildermuth & Martens 2019","Wildermuth & Martens 2019","Wildermuth & Martens 2019","expert opinion C. Brochard & G. De Knijf","De Knijf et al. 2024","De Knijf et al. 2024","De Knijf et al. 2024","De Knijf et al. 2024","De Knijf et al. 2024","De Knijf et al. 2024","De Knijf et al. 2024","De Knijf et al. 2024","De Knijf et al. 2024","De Knijf et al. 2024","De Knijf et al. 2024","De Knijf et al. 2024","De Knijf et al. 2024","De Knijf et al. 2024"
"Sympetrum sanguineum","Dijkstra et al. 2020","Dijkstra et al. 2020","Dijkstra et al. 2020","Dijkstra et al. 2020","expert opinion De  Knijf","Brochard et al. 2012; Brochard pers comm.","not relevant","not relevant","De Knijf et al. 2024","Wildermuth & Martens 2019","Billqvist et al. 2023 (northern species); Boudot & Kalkman 2015; Sparrow et al. 2021; Smallshire & Swash 2020; www.observation.org","Termaat et al. 2019","Termaat et al. 2019","Wildermuth & Martens 2019","Wildermuth & Martens 2019","Wildermuth & Martens 2019","expert opinion C. Brochard & G. De Knijf","De Knijf et al. 2024","De Knijf et al. 2024","De Knijf et al. 2024","De Knijf et al. 2024","De Knijf et al. 2024","De Knijf et al. 2024","De Knijf et al. 2024","De Knijf et al. 2024","De Knijf et al. 2024","De Knijf et al. 2024","De Knijf et al. 2024","De Knijf et al. 2024","De Knijf et al. 2024","De Knijf et al. 2024"
"Sympetrum sinaiticum","Dijkstra et al. 2020","Dijkstra et al. 2020","Dijkstra et al. 2020","Dijkstra et al. 2020","expert opinion De  Knijf","Brochard pers comm.","not relevant","not relevant","De Knijf et al. 2024","Wildermuth & Martens 2019","Billqvist et al. 2023 (northern species); Boudot & Kalkman 2015; Sparrow et al. 2021; Smallshire & Swash 2020; www.observation.org","Termaat et al. 2019","Termaat et al. 2019","Wildermuth & Martens 2019","Wildermuth & Martens 2019","Wildermuth & Martens 2019","expert opinion C. Brochard & G. De Knijf","De Knijf et al. 2024","De Knijf et al. 2024","De Knijf et al. 2024","De Knijf et al. 2024","De Knijf et al. 2024","De Knijf et al. 2024","De Knijf et al. 2024","De Knijf et al. 2024","De Knijf et al. 2024","De Knijf et al. 2024","De Knijf et al. 2024","De Knijf et al. 2024","De Knijf et al. 2024","De Knijf et al. 2024"
"Sympetrum striolatum","Dijkstra et al. 2020","Dijkstra et al. 2020","Dijkstra et al. 2020","Dijkstra et al. 2020","expert opinion De  Knijf","Brochard et al. 2012; Brochard pers comm.","not relevant","not relevant","De Knijf et al. 2024","Wildermuth & Martens 2019","Billqvist et al. 2023 (northern species); Boudot & Kalkman 2015; Sparrow et al. 2021; Smallshire & Swash 2020; www.observation.org","Termaat et al. 2019","Termaat et al. 2019","Wildermuth & Martens 2019","Wildermuth & Martens 2019","Wildermuth & Martens 2019","expert opinion C. Brochard & G. De Knijf","De Knijf et al. 2024","De Knijf et al. 2024","De Knijf et al. 2024","De Knijf et al. 2024","De Knijf et al. 2024","De Knijf et al. 2024","De Knijf et al. 2024","De Knijf et al. 2024","De Knijf et al. 2024","De Knijf et al. 2024","De Knijf et al. 2024","De Knijf et al. 2024","De Knijf et al. 2024","De Knijf et al. 2024"
"Sympetrum vulgatum","Dijkstra et al. 2020","Dijkstra et al. 2020","Dijkstra et al. 2020","Dijkstra et al. 2020","expert opinion De  Knijf","Brochard et al. 2012; Brochard pers comm.","not relevant","not relevant","De Knijf et al. 2024","Wildermuth & Martens 2019","Billqvist et al. 2023 (northern species); Boudot & Kalkman 2015; Sparrow et al. 2021; Smallshire & Swash 2020; www.observation.org","Termaat et al. 2019","Termaat et al. 2019","Wildermuth & Martens 2019","Wildermuth & Martens 2019","Wildermuth & Martens 2019","expert opinion C. Brochard & G. De Knijf","De Knijf et al. 2024","De Knijf et al. 2024","De Knijf et al. 2024","De Knijf et al. 2024","De Knijf et al. 2024","De Knijf et al. 2024","De Knijf et al. 2024","De Knijf et al. 2024","De Knijf et al. 2024","De Knijf et al. 2024","De Knijf et al. 2024","De Knijf et al. 2024","De Knijf et al. 2024","De Knijf et al. 2024"
"Trithemis annulata","Dijkstra et al. 2020","Dijkstra et al. 2020","Dijkstra et al. 2020","Dijkstra et al. 2020","expert opinion De  Knijf","Brochard pers comm.","not relevant","not relevant","De Knijf et al. 2024","Wildermuth & Martens 2019","Billqvist et al. 2023 (northern species); Boudot & Kalkman 2015; Sparrow et al. 2021; Smallshire & Swash 2020; www.observation.org","Termaat et al. 2019","Termaat et al. 2019","Wildermuth & Martens 2019","Wildermuth & Martens 2019","Wildermuth & Martens 2019","expert opinion C. Brochard & G. De Knijf","De Knijf et al. 2024","De Knijf et al. 2024","De Knijf et al. 2024","De Knijf et al. 2024","De Knijf et al. 2024","De Knijf et al. 2024","De Knijf et al. 2024","De Knijf et al. 2024","De Knijf et al. 2024","De Knijf et al. 2024","De Knijf et al. 2024","De Knijf et al. 2024","De Knijf et al. 2024","De Knijf et al. 2024"
"Trithemis arteriosa","Dijkstra et al. 2020","Dijkstra et al. 2020","Dijkstra et al. 2020","Dijkstra et al. 2020","expert opinion De  Knijf","Brochard pers comm.","not relevant","not relevant","De Knijf et al. 2024","Wildermuth & Martens 2019","Billqvist et al. 2023 (northern species); Boudot & Kalkman 2015; Sparrow et al. 2021; Smallshire & Swash 2020; www.observation.org","Termaat et al. 2019","Termaat et al. 2019","NA","NA","literature information NA, but most likely same as other Trithemis species","expert opinion C. Brochard & G. De Knijf","De Knijf et al. 2024","De Knijf et al. 2024","De Knijf et al. 2024","De Knijf et al. 2024","De Knijf et al. 2024","De Knijf et al. 2024","De Knijf et al. 2024","De Knijf et al. 2024","De Knijf et al. 2024","De Knijf et al. 2024","De Knijf et al. 2024","De Knijf et al. 2024","De Knijf et al. 2024","De Knijf et al. 2024"
"Trithemis festiva","Dijkstra et al. 2020","Dijkstra et al. 2020","Dijkstra et al. 2020","Dijkstra et al. 2020","expert opinion De  Knijf","Brochard pers comm.","not relevant","not relevant","De Knijf et al. 2024","Wildermuth & Martens 2019","Billqvist et al. 2023 (northern species); Boudot & Kalkman 2015; Sparrow et al. 2021; Smallshire & Swash 2020; www.observation.org","Termaat et al. 2019","Termaat et al. 2019","NA","Wildermuth & Martens 2019","Wildermuth & Martens 2019","expert opinion C. Brochard & G. De Knijf","De Knijf et al. 2024","De Knijf et al. 2024","De Knijf et al. 2024","De Knijf et al. 2024","De Knijf et al. 2024","De Knijf et al. 2024","De Knijf et al. 2024","De Knijf et al. 2024","De Knijf et al. 2024","De Knijf et al. 2024","De Knijf et al. 2024","De Knijf et al. 2024","De Knijf et al. 2024","De Knijf et al. 2024"
"Trithemis kirbyi","Dijkstra et al. 2020","Dijkstra et al. 2020","Dijkstra et al. 2020","Dijkstra et al. 2020","expert opinion De  Knijf","Brochard pers comm.","not relevant","not relevant","De Knijf et al. 2024","Wildermuth & Martens 2019","Billqvist et al. 2023 (northern species); Boudot & Kalkman 2015; Sparrow et al. 2021; Smallshire & Swash 2020; www.observation.org","Termaat et al. 2019","Termaat et al. 2019","Wildermuth & Martens 2019","Wildermuth & Martens 2019","Wildermuth & Martens 2019","expert opinion C. Brochard & G. De Knijf","De Knijf et al. 2024","De Knijf et al. 2024","De Knijf et al. 2024","De Knijf et al. 2024","De Knijf et al. 2024","De Knijf et al. 2024","De Knijf et al. 2024","De Knijf et al. 2024","De Knijf et al. 2024","De Knijf et al. 2024","De Knijf et al. 2024","De Knijf et al. 2024","De Knijf et al. 2024","De Knijf et al. 2024"
"Zygonyx torridus","Dijkstra et al. 2020","Dijkstra et al. 2020","Dijkstra et al. 2020","Dijkstra et al. 2020","expert opinion De  Knijf","Brochard pers comm.","not relevant","not relevant","De Knijf et al. 2024","Wildermuth & Martens 2019","Billqvist et al. 2023 (northern species); Boudot & Kalkman 2015; Sparrow et al. 2021; Smallshire & Swash 2020; www.observation.org","Termaat et al. 2019","Termaat et al. 2019","NA","NA","Wildermuth & Martens 2019","expert opinion C. Brochard & G. De Knijf","De Knijf et al. 2024","De Knijf et al. 2024","De Knijf et al. 2024","De Knijf et al. 2024","De Knijf et al. 2024","De Knijf et al. 2024","De Knijf et al. 2024","De Knijf et al. 2024","De Knijf et al. 2024","De Knijf et al. 2024","De Knijf et al. 2024","De Knijf et al. 2024","De Knijf et al. 2024","De Knijf et al. 2024"
